﻿<?xml version="1.0" encoding="utf-8"?>
<deployment>
  <id>85804e8d-420e-457c-a206-5d35bc2f290f</id>
  <author>N/A</author>
  <deployer>Push-Deployer</deployer>
  <authorEmail>N/A</authorEmail>
  <message>Created via a push deployment</message>
  <progress></progress>
  <status>Success</status>
  <statusText></statusText>
  <lastSuccessEndTime>2025-11-29T04:48:32.5410121Z</lastSuccessEndTime>
  <receivedTime>2025-11-29T04:47:32.0853282Z</receivedTime>
  <startTime>2025-11-29T04:47:33.4287882Z</startTime>
  <endTime>2025-11-29T04:48:32.5410121Z</endTime>
  <complete>True</complete>
  <is_temp>False</is_temp>
  <is_readonly>True</is_readonly>
  <buildSummary />
</deployment>