﻿<?xml version="1.0" encoding="utf-8"?>
<deployment>
  <id>a87503c3-0d9d-4d04-a22f-209e57a00452</id>
  <author>N/A</author>
  <deployer>Push-Deployer</deployer>
  <authorEmail>N/A</authorEmail>
  <message>Created via a push deployment</message>
  <progress></progress>
  <status>Success</status>
  <statusText></statusText>
  <lastSuccessEndTime>2025-11-29T06:32:08.8647073Z</lastSuccessEndTime>
  <receivedTime>2025-11-29T06:31:06.1048382Z</receivedTime>
  <startTime>2025-11-29T06:31:07.4471723Z</startTime>
  <endTime>2025-11-29T06:32:08.8647073Z</endTime>
  <complete>True</complete>
  <is_temp>False</is_temp>
  <is_readonly>True</is_readonly>
  <buildSummary />
</deployment>