﻿<?xml version="1.0" encoding="utf-8"?>
<deployment>
  <id>9bd58b82-9119-4451-b686-d530f3fc9c3a</id>
  <author>N/A</author>
  <deployer>Push-Deployer</deployer>
  <authorEmail>N/A</authorEmail>
  <message>Created via a push deployment</message>
  <progress></progress>
  <status>Success</status>
  <statusText></statusText>
  <lastSuccessEndTime>2025-11-26T15:18:38.4852741Z</lastSuccessEndTime>
  <receivedTime>2025-11-26T15:17:38.4820303Z</receivedTime>
  <startTime>2025-11-26T15:17:39.8354195Z</startTime>
  <endTime>2025-11-26T15:18:38.4852741Z</endTime>
  <complete>True</complete>
  <is_temp>False</is_temp>
  <is_readonly>True</is_readonly>
  <buildSummary />
</deployment>