﻿<?xml version="1.0" encoding="utf-8"?>
<deployment>
  <id>34ff6c5c-0c37-4726-8732-85cf67e814c2</id>
  <author>N/A</author>
  <deployer>Push-Deployer</deployer>
  <authorEmail>N/A</authorEmail>
  <message>Created via a push deployment</message>
  <progress></progress>
  <status>Success</status>
  <statusText></statusText>
  <lastSuccessEndTime>2025-11-29T06:49:45.6036372Z</lastSuccessEndTime>
  <receivedTime>2025-11-29T06:48:41.1887689Z</receivedTime>
  <startTime>2025-11-29T06:48:42.5583186Z</startTime>
  <endTime>2025-11-29T06:49:45.6036372Z</endTime>
  <complete>True</complete>
  <is_temp>False</is_temp>
  <is_readonly>True</is_readonly>
  <buildSummary />
</deployment>