<step title="Incoming Request" date="2025-11-22T19:20:40.033" instance="7d84ad" url="/api/zipdeploy?isAsync=true" method="POST" type="request" pid="768,1,45" Accept="*/*" Host="quotrading-flask-api.scm.azurewebsites.net" User-Agent="AZURECLI/2.79.0 (MSI)" Accept-Encoding="gzip, deflate" Authorization="Bea..." Cache-Control="no-cache" Content-Type="application/octet-stream" Content-Length="74875" x-ms-client-request-id="4b7aa8f8-c7d8-11f0-b400-50bbb5629ee1" x-ms-artifact-checksum="19c7b3b139006845e0c053ec211bab131c3bc617629bb6fb2f97828d7e958fc8" X-ARR-LOG-ID="4b7aa8f8-c7d8-11f0-b400-50bbb5629ee1" CLIENT-IP="69.120.241.138:50185" X-SITE-DEPLOYMENT-ID="quotrading-flask-api" WAS-DEFAULT-HOSTNAME="quotrading-flask-api.scm.azurewebsites.net" X-Forwarded-Proto="https" X-AppService-Proto="https" X-Forwarded-TlsVersion="1.3" X-WAWS-Unencoded-URL="/api/zipdeploy?isAsync=true" X-Client-IP="69.120.241.138" X-Client-Port="50185" >
  <step title="Cleanup Xml Logs" date="2025-11-22T19:20:40.035" >
    <step title="Cleanup Infos" date="2025-11-22T19:20:40.041" totalFiles="202" totalCleanup="42" /><!-- duration: 5ms -->
  </step><!-- duration: 14ms -->
  <step title="ZipPushDeploy" date="2025-11-22T19:20:40.063" >
    <step title="ZipDeploy. Extract zip. Remote build." date="2025-11-22T19:20:40.070" /><!-- duration: 2ms -->
    <step title="Starting PushDeployAsync" date="2025-11-22T19:20:40.075" /><!-- duration: 2ms -->
    <step title="Writing artifact to /tmp/zipdeploy/9819db7f-072b-4efb-980f-b88ac95e2afc.zip" date="2025-11-22T19:20:40.091" >
      <step title="Writing multipart request body to /tmp/zipdeploy/9819db7f-072b-4efb-980f-b88ac95e2afc.zip" date="2025-11-22T19:20:40.093" /><!-- duration: 6ms -->
    </step><!-- duration: 38ms -->
    <step title="Removing previous build artifact&apos;s manifest file" date="2025-11-22T19:20:40.142" >
      <step title="Start deployment in the background" date="2025-11-22T19:20:40.170" >
        <step title="Acquiring Deployment Lock" date="2025-11-22T19:20:40.194" /><!-- duration: 2ms -->
        <step title="Acquired Deployment Lock" date="2025-11-22T19:20:40.227" /><!-- duration: 2ms -->
      </step><!-- duration: 109ms -->
    </step><!-- duration: 142ms -->
    <step title="Outgoing response" date="2025-11-22T19:20:40.286" type="response" statusCode="202" statusText="Accepted" /><!-- duration: 5ms -->
  </step><!-- duration: 238ms -->
