<step title="BackgroundTrace" date="2025-11-22T06:43:22.001" instance="7d84ad" url="/api/zipdeploy" method="POST" >
  <step title="Creating temporary deployment - FetchDeploymentManager" date="2025-11-22T06:43:22.091" /><!-- duration: 1ms -->
  <step title="Creating temporary deployment" date="2025-11-22T06:43:22.100" /><!-- duration: 134ms -->
  <step title="Performing fetch based deployment" date="2025-11-22T06:43:22.339" >
    <step title="Cleaning up temp folders from previous zip deployments and extracting pushed zip file /tmp/zipdeploy/c6f430d3-8c55-4f39-9509-2116c7b708ad.zip (0.00 MB) to /tmp/zipdeploy/extracted" date="2025-11-22T06:43:23.561" >
      <step title="ChmodRecursive Process exited with total time taken in ms: 42" date="2025-11-22T06:43:23.658" /><!-- duration: 11ms -->
    </step><!-- duration: 118ms -->
    <step title="Deployment timer started" date="2025-11-22T06:43:25.699" >
      <step title="DeploymentManager.Deploy(id:4f830cb7-bb99-4430-a46a-2eb20d98ee30)" date="2025-11-22T06:43:25.707" >
        <step title="Collecting changeset information" date="2025-11-22T06:43:25.737" /><!-- duration: 68ms -->
        <step title="Updating submodules" date="2025-11-22T06:43:25.808" /><!-- duration: 1179ms -->
        <step title="Determining deployment builder" date="2025-11-22T06:43:27.180" >
          <step title="Builder is OryxBuilder" date="2025-11-22T06:43:27.219" /><!-- duration: 4ms -->
        </step><!-- duration: 48ms -->
        <step title="PreDeployment: context.CleanOutputPath False" date="2025-11-22T06:43:27.314" >
          <step title="PreDeployment: context.OutputPath /home/site/wwwroot" date="2025-11-22T06:43:27.970" >
            <step title="Building" date="2025-11-22T06:43:28.115" >
              <step title="Executing external process" date="2025-11-22T06:43:28.405" type="process" path="bash" arguments="-c &quot;oryx build /tmp/zipdeploy/extracted -o /home/site/wwwroot --platform python --platform-version 3.11 -p virtualenv_name=antenv --log-file /tmp/build-debug.log  -i /tmp/8de29927115468c --compress-destination-dir | tee /tmp/oryx-build.log ; exit $PIPESTATUS &quot;" /><!-- duration: 66321ms -->
              <step title="Using PythonDeploymentLogParser" date="2025-11-22T06:44:35.080" /><!-- duration: 9ms -->
              <step title="Triggering recycle (preview mode disabled)." date="2025-11-22T06:44:36.193" /><!-- duration: 6ms -->
              <step title="Modified file to trigger a restart of the app container." date="2025-11-22T06:44:36.249" /><!-- duration: 2ms -->
              <step title="Skip function trigger and logicapp sync because function is not enabled." date="2025-11-22T06:44:36.256" /><!-- duration: 2ms -->
            </step><!-- duration: 68901ms -->
          </step><!-- duration: 69047ms -->
          <step title="Cleaning up temp files" date="2025-11-22T06:44:37.019" /><!-- duration: 289ms -->
          <step title="Cleaning up temp files" date="2025-11-22T06:44:37.316" /><!-- duration: 504ms -->
          <step title="Reloading status file with latest updates" date="2025-11-22T06:44:37.844" >
            <step title="WebHooksManager.PublishEventAsync: PostDeployment" date="2025-11-22T06:44:37.847" /><!-- duration: 137ms -->
          </step><!-- duration: 141ms -->
          <step title="Cleaning up temporary deployment - fetch deployment was successful" date="2025-11-22T06:44:37.989" /><!-- duration: 2ms -->
        </step><!-- duration: 70730ms -->
      </step><!-- duration: 72347ms -->
