<step title="Incoming Request" date="2025-11-24T20:01:22.672" instance="c4a671" url="/api/deployments/latest" method="GET" type="request" pid="768,1,17" Accept="*/*" Host="quotrading-flask-api.scm.azurewebsites.net" User-Agent="AZURECLI/2.80.0 (MSI)" Accept-Encoding="gzip, deflate" Authorization="Bea..." x-ms-client-request-id="4736a012-c970-11f0-b61e-50bbb5629ee1" X-ARR-LOG-ID="4736a012-c970-11f0-b61e-50bbb5629ee1" CLIENT-IP="69.120.241.138:51119" X-SITE-DEPLOYMENT-ID="quotrading-flask-api" WAS-DEFAULT-HOSTNAME="quotrading-flask-api.scm.azurewebsites.net" X-Forwarded-Proto="https" X-AppService-Proto="https" X-Forwarded-TlsVersion="1.3" X-WAWS-Unencoded-URL="/api/deployments/latest" X-Client-IP="69.120.241.138" X-Client-Port="51119" >
  <step title="Cleanup Xml Logs" date="2025-11-24T20:01:22.675" >
    <step title="Cleanup Infos" date="2025-11-24T20:01:22.689" totalFiles="414" totalCleanup="254" /><!-- duration: 11ms -->
  </step><!-- duration: 27ms -->
  <step title="DeploymentService.GetResult" date="2025-11-24T20:01:22.755" >
    <step title="DeploymentService.GetLatestDeployment" date="2025-11-24T20:01:22.771" >
      <step title="DeploymentManager.GetResults" date="2025-11-24T20:01:22.782" /><!-- duration: 887ms -->
    </step><!-- duration: 907ms -->
  </step><!-- duration: 943ms -->
  <step title="Outgoing response" date="2025-11-24T20:01:23.841" type="response" statusCode="202" statusText="Accepted" /><!-- duration: 10ms -->
</step><!-- duration: 1188ms -->
