<step title="BackgroundTrace" date="2025-11-24T17:44:10.843" instance="7d84ad" url="/api/zipdeploy" method="POST" >
  <step title="Creating temporary deployment - FetchDeploymentManager" date="2025-11-24T17:44:10.976" /><!-- duration: 1ms -->
  <step title="Creating temporary deployment" date="2025-11-24T17:44:10.984" /><!-- duration: 55ms -->
  <step title="Performing fetch based deployment" date="2025-11-24T17:44:11.086" >
    <step title="Cleaning up temp folders from previous zip deployments and extracting pushed zip file /tmp/zipdeploy/0db84047-cba2-465c-b476-83d54e3029d7.zip (0.03 MB) to /tmp/zipdeploy/extracted" date="2025-11-24T17:44:12.264" >
      <step title="ChmodRecursive Process exited with total time taken in ms: 61" date="2025-11-24T17:44:12.386" /><!-- duration: 10ms -->
    </step><!-- duration: 141ms -->
    <step title="Deployment timer started" date="2025-11-24T17:44:14.425" >
      <step title="DeploymentManager.Deploy(id:7323884b-50bf-4fb0-bd69-9b716c7cc9fc)" date="2025-11-24T17:44:14.443" >
        <step title="Collecting changeset information" date="2025-11-24T17:44:14.456" /><!-- duration: 105ms -->
        <step title="Updating submodules" date="2025-11-24T17:44:14.564" /><!-- duration: 1120ms -->
        <step title="Determining deployment builder" date="2025-11-24T17:44:15.886" >
          <step title="Builder is OryxBuilder" date="2025-11-24T17:44:15.906" /><!-- duration: 2ms -->
        </step><!-- duration: 27ms -->
        <step title="PreDeployment: context.CleanOutputPath False" date="2025-11-24T17:44:15.974" >
          <step title="PreDeployment: context.OutputPath /home/site/wwwroot" date="2025-11-24T17:44:16.101" >
            <step title="Building" date="2025-11-24T17:44:16.259" >
              <step title="Executing external process" date="2025-11-24T17:44:16.573" type="process" path="bash" arguments="-c &quot;oryx build /tmp/zipdeploy/extracted -o /home/site/wwwroot --platform python --platform-version 3.11 -p virtualenv_name=antenv --log-file /tmp/build-debug.log  -i /tmp/8de2b81165e4f81 --compress-destination-dir | tee /tmp/oryx-build.log ; exit $PIPESTATUS &quot;" /><!-- duration: 110897ms -->
              <step title="Using PythonDeploymentLogParser" date="2025-11-24T17:46:08.029" /><!-- duration: 8ms -->
              <step title="Triggering recycle (preview mode disabled)." date="2025-11-24T17:46:09.342" /><!-- duration: 5ms -->
              <step title="Modified file to trigger a restart of the app container." date="2025-11-24T17:46:09.381" /><!-- duration: 2ms -->
              <step title="Skip function trigger and logicapp sync because function is not enabled." date="2025-11-24T17:46:09.412" /><!-- duration: 3ms -->
              <step title="Purge deployment items" date="2025-11-24T17:46:10.457" >
                <step title="Remove 67cd5de8-, Success, received at 11/22/2025 19:04:53" date="2025-11-24T17:46:10.506" /><!-- duration: 2ms -->
              </step><!-- duration: 54ms -->
            </step><!-- duration: 114319ms -->
          </step><!-- duration: 114480ms -->
          <step title="Cleaning up temp files" date="2025-11-24T17:46:10.583" /><!-- duration: 416ms -->
          <step title="Cleaning up temp files" date="2025-11-24T17:46:11.001" /><!-- duration: 518ms -->
          <step title="Reloading status file with latest updates" date="2025-11-24T17:46:11.540" >
            <step title="WebHooksManager.PublishEventAsync: PostDeployment" date="2025-11-24T17:46:11.543" /><!-- duration: 107ms -->
          </step><!-- duration: 112ms -->
          <step title="Cleaning up temporary deployment - fetch deployment was successful" date="2025-11-24T17:46:11.656" /><!-- duration: 2ms -->
        </step><!-- duration: 115800ms -->
      </step><!-- duration: 117379ms -->
