<step title="Incoming Request" date="2025-11-22T08:59:20.915" instance="7d84ad" url="/api/zipdeploy?isAsync=true" method="POST" type="request" pid="770,1,37" Accept="*/*" Host="quotrading-flask-api.scm.azurewebsites.net" User-Agent="AZURECLI/2.79.0 (MSI)" Accept-Encoding="gzip, deflate" Authorization="Bea..." Cache-Control="no-cache" Content-Type="application/octet-stream" Content-Length="11641" x-ms-client-request-id="856fe8d5-c781-11f0-a0f6-50bbb5629ee1" x-ms-artifact-checksum="94f3501e8761d360e647da15c5e7a843432f82c12d3e3c3fcf1808325c652ffd" X-ARR-LOG-ID="856fe8d5-c781-11f0-a0f6-50bbb5629ee1" CLIENT-IP="69.120.241.138:59689" X-SITE-DEPLOYMENT-ID="quotrading-flask-api" WAS-DEFAULT-HOSTNAME="quotrading-flask-api.scm.azurewebsites.net" X-Forwarded-Proto="https" X-AppService-Proto="https" X-Forwarded-TlsVersion="1.3" X-WAWS-Unencoded-URL="/api/zipdeploy?isAsync=true" X-Client-IP="69.120.241.138" X-Client-Port="59689" >
  <step title="Cleanup Xml Logs" date="2025-11-22T08:59:20.922" /><!-- duration: 11ms -->
  <step title="ZipPushDeploy" date="2025-11-22T08:59:20.947" >
    <step title="ZipDeploy. Extract zip. Remote build." date="2025-11-22T08:59:20.955" /><!-- duration: 2ms -->
    <step title="Starting PushDeployAsync" date="2025-11-22T08:59:20.960" /><!-- duration: 2ms -->
    <step title="Writing artifact to /tmp/zipdeploy/bab6fe20-eaee-4947-828c-48b0c34578d7.zip" date="2025-11-22T08:59:20.972" >
      <step title="Writing multipart request body to /tmp/zipdeploy/bab6fe20-eaee-4947-828c-48b0c34578d7.zip" date="2025-11-22T08:59:20.974" /><!-- duration: 2ms -->
    </step><!-- duration: 30ms -->
    <step title="Removing previous build artifact&apos;s manifest file" date="2025-11-22T08:59:21.005" >
      <step title="Start deployment in the background" date="2025-11-22T08:59:21.015" >
        <step title="Acquiring Deployment Lock" date="2025-11-22T08:59:21.041" /><!-- duration: 2ms -->
        <step title="Acquired Deployment Lock" date="2025-11-22T08:59:21.115" /><!-- duration: 9ms -->
      </step><!-- duration: 173ms -->
    </step><!-- duration: 188ms -->
    <step title="Outgoing response" date="2025-11-22T08:59:21.195" type="response" statusCode="202" statusText="Accepted" /><!-- duration: 2ms -->
  </step><!-- duration: 251ms -->
