<step title="Incoming Request" date="2025-11-24T18:05:25.145" instance="7d84ad" url="/api/deployments/latest" method="GET" type="request" pid="768,1,25" Accept="*/*" Host="quotrading-flask-api.scm.azurewebsites.net" User-Agent="AZURECLI/2.80.0 (MSI)" Accept-Encoding="gzip, deflate" Authorization="Bea..." x-ms-client-request-id="1d085860-c960-11f0-9f79-50bbb5629ee1" X-ARR-LOG-ID="1d085860-c960-11f0-9f79-50bbb5629ee1" CLIENT-IP="69.120.241.138:63000" X-SITE-DEPLOYMENT-ID="quotrading-flask-api" WAS-DEFAULT-HOSTNAME="quotrading-flask-api.scm.azurewebsites.net" X-Forwarded-Proto="https" X-AppService-Proto="https" X-Forwarded-TlsVersion="1.3" X-WAWS-Unencoded-URL="/api/deployments/latest" X-Client-IP="69.120.241.138" X-Client-Port="63000" >
  <step title="Cleanup Xml Logs" date="2025-11-24T18:05:25.147" >
    <step title="Cleanup Infos" date="2025-11-24T18:05:25.155" totalFiles="346" totalCleanup="186" /><!-- duration: 5ms -->
  </step><!-- duration: 16ms -->
  <step title="DeploymentService.GetResult" date="2025-11-24T18:05:25.168" >
    <step title="DeploymentService.GetLatestDeployment" date="2025-11-24T18:05:25.173" >
      <step title="DeploymentManager.GetResults" date="2025-11-24T18:05:25.175" /><!-- duration: 570ms -->
    </step><!-- duration: 608ms -->
  </step><!-- duration: 616ms -->
  <step title="Outgoing response" date="2025-11-24T18:05:25.811" type="response" statusCode="202" statusText="Accepted" /><!-- duration: 23ms -->
</step><!-- duration: 692ms -->
