<step title="Incoming Request" date="2025-11-22T18:21:01.861" instance="7d84ad" url="/api/publish?type=zip" method="POST" type="request" pid="768,1,27" Accept="*/*" Host="quotrading-flask-api.scm.azurewebsites.net" User-Agent="AZURECLI/2.79.0 (MSI)" Accept-Encoding="gzip, deflate" Authorization="Bea..." Cache-Control="no-cache" Content-Type="application/octet-stream" Cookie="ARRAffinity=7d84ad198c6f807fbfa2076d1e286d2bb239ec2b3ab1f48a5008aac89bd50ca3; ARRAffinitySameSite=7d84ad198c6f807fbfa2076d1e286d2bb239ec2b3ab1f48a5008aac89bd50ca3" Content-Length="16525" x-ms-client-request-id="f5bacb15-c7cf-11f0-a6aa-50bbb5629ee1" x-ms-artifact-checksum="7bc745a302ba686bf246a4aeff180d8b7b7cc284b97b6ee264888e634bd94a68" X-ARR-LOG-ID="f5bacb15-c7cf-11f0-a6aa-50bbb5629ee1" CLIENT-IP="69.120.241.138:64050" X-SITE-DEPLOYMENT-ID="quotrading-flask-api" WAS-DEFAULT-HOSTNAME="quotrading-flask-api.scm.azurewebsites.net" X-Forwarded-Proto="https" X-AppService-Proto="https" X-Forwarded-TlsVersion="1.3" X-WAWS-Unencoded-URL="/api/publish?type=zip" X-Client-IP="69.120.241.138" X-Client-Port="64050" >
  <step title="OneDeploy" date="2025-11-22T18:21:01.872" >
    <step title="Starting PushDeployAsync" date="2025-11-22T18:21:01.877" /><!-- duration: 2ms -->
    <step title="Writing artifact to /tmp/zipdeploy/6def29e3-6bf2-4cc0-9612-61a8726bea17.zip" date="2025-11-22T18:21:01.889" >
      <step title="Writing multipart request body to /tmp/zipdeploy/6def29e3-6bf2-4cc0-9612-61a8726bea17.zip" date="2025-11-22T18:21:01.891" /><!-- duration: 7ms -->
    </step><!-- duration: 32ms -->
    <step title="Removing previous build artifact&apos;s manifest file" date="2025-11-22T18:21:01.924" >
      <step title="Attempting to fetch target branch HEAD" date="2025-11-22T18:21:01.929" /><!-- duration: 1ms -->
      <step title="Acquiring Deployment Lock" date="2025-11-22T18:21:01.938" /><!-- duration: 2ms -->
      <step title="Acquired Deployment Lock" date="2025-11-22T18:21:01.970" /><!-- duration: 2ms -->
      <step title="Performing fetch based deployment" date="2025-11-22T18:21:01.977" >
        <step title="Creating temporary deployment" date="2025-11-22T18:21:01.981" /><!-- duration: 46ms -->
        <step title="Releasing Deployment Lock" date="2025-11-22T18:21:03.148" /><!-- duration: 3ms -->
        <step title="Cleaning up temp folders from previous zip deployments and extracting pushed zip file /tmp/zipdeploy/6def29e3-6bf2-4cc0-9612-61a8726bea17.zip (0.02 MB) to /tmp/zipdeploy/extracted" date="2025-11-22T18:21:03.172" >
          <step title="ChmodRecursive Process exited with total time taken in ms: 59" date="2025-11-22T18:21:03.254" /><!-- duration: 2ms -->
        </step><!-- duration: 86ms -->
        <step title="None repository commit" date="2025-11-22T18:21:03.260" >
          <step title="Commit id: 57b91f4f-b025-4fc8-865e-8ffafe18378e" date="2025-11-22T18:21:03.266" Message="OneDeploy" AuthorName="N/A" AuthorEmail="N/A" /><!-- duration: 2ms -->
        </step><!-- duration: 9ms -->
        <step title="Deployment timer started" date="2025-11-22T18:21:05.272" >
          <step title="DeploymentManager.Deploy(id:57b91f4f-b025-4fc8-865e-8ffafe18378e)" date="2025-11-22T18:21:05.276" >
            <step title="Collecting changeset information" date="2025-11-22T18:21:05.289" /><!-- duration: 77ms -->
            <step title="Updating submodules" date="2025-11-22T18:21:05.369" /><!-- duration: 1179ms -->
            <step title="Determining deployment builder" date="2025-11-22T18:21:06.758" >
              <step title="Builder is OryxBuilder" date="2025-11-22T18:21:06.771" /><!-- duration: 2ms -->
            </step><!-- duration: 16ms -->
            <step title="PreDeployment: context.CleanOutputPath False" date="2025-11-22T18:21:06.834" >
              <step title="PreDeployment: context.OutputPath /home/site/wwwroot" date="2025-11-22T18:21:06.961" >
                <step title="Building" date="2025-11-22T18:21:07.091" >
                  <step title="Executing external process" date="2025-11-22T18:21:07.411" type="process" path="bash" arguments="-c &quot;oryx build /tmp/zipdeploy/extracted -o /home/site/wwwroot --platform python --platform-version 3.11 -p virtualenv_name=antenv --log-file /tmp/build-debug.log  -i /tmp/8de29f3e75087b6 --compress-destination-dir | tee /tmp/oryx-build.log ; exit $PIPESTATUS &quot;" /><!-- duration: 44492ms -->
                  <step title="Using PythonDeploymentLogParser" date="2025-11-22T18:21:52.221" /><!-- duration: 6ms -->
                  <step title="Modified file to trigger a restart of the app container." date="2025-11-22T18:21:53.558" /><!-- duration: 7ms -->
                  <step title="Skip function trigger and logicapp sync because function is not enabled." date="2025-11-22T18:21:53.567" /><!-- duration: 8ms -->
                  <step title="Purge deployment items" date="2025-11-22T18:21:54.608" >
                    <step title="Remove 9445c1d4-, Success, received at 11/22/2025 08:37:54" date="2025-11-22T18:21:54.670" /><!-- duration: 2ms -->
                  </step><!-- duration: 66ms -->
                </step><!-- duration: 47651ms -->
              </step><!-- duration: 47784ms -->
              <step title="Cleaning up temp files" date="2025-11-22T18:21:54.748" /><!-- duration: 260ms -->
              <step title="Cleaning up temp files" date="2025-11-22T18:21:55.015" /><!-- duration: 513ms -->
              <step title="Reloading status file with latest updates" date="2025-11-22T18:21:55.567" >
                <step title="WebHooksManager.PublishEventAsync: PostDeployment" date="2025-11-22T18:21:55.569" /><!-- duration: 47ms -->
              </step><!-- duration: 52ms -->
              <step title="Cleaning up temporary deployment - fetch deployment was successful" date="2025-11-22T18:21:55.622" /><!-- duration: 6ms -->
            </step><!-- duration: 48849ms -->
          </step><!-- duration: 50413ms -->
          <step title="Outgoing response" date="2025-11-22T18:21:55.697" type="response" statusCode="200" statusText="OK" /><!-- duration: 10ms -->
        </step><!-- duration: 50437ms -->
