<step title="Incoming Request" date="2025-11-24T19:29:21.014" instance="7d84ad" url="/api/deployments/latest" method="GET" type="request" pid="768,1,43" Accept="*/*" Host="quotrading-flask-api.scm.azurewebsites.net" User-Agent="AZURECLI/2.80.0 (MSI)" Accept-Encoding="gzip, deflate" Authorization="Bea..." x-ms-client-request-id="d3addb7e-c96b-11f0-ba56-50bbb5629ee1" X-ARR-LOG-ID="d3addb7e-c96b-11f0-ba56-50bbb5629ee1" CLIENT-IP="69.120.241.138:55075" X-SITE-DEPLOYMENT-ID="quotrading-flask-api" WAS-DEFAULT-HOSTNAME="quotrading-flask-api.scm.azurewebsites.net" X-Forwarded-Proto="https" X-AppService-Proto="https" X-Forwarded-TlsVersion="1.3" X-WAWS-Unencoded-URL="/api/deployments/latest" X-Client-IP="69.120.241.138" X-Client-Port="55075" >
  <step title="Cleanup Xml Logs" date="2025-11-24T19:29:21.033" >
    <step title="Cleanup Infos" date="2025-11-24T19:29:21.092" totalFiles="394" totalCleanup="234" /><!-- duration: 41ms -->
  </step><!-- duration: 110ms -->
  <step title="DeploymentService.GetResult" date="2025-11-24T19:29:21.164" >
    <step title="DeploymentService.GetLatestDeployment" date="2025-11-24T19:29:21.192" >
      <step title="DeploymentManager.GetResults" date="2025-11-24T19:29:21.203" /><!-- duration: 1000ms -->
    </step><!-- duration: 1016ms -->
  </step><!-- duration: 1047ms -->
  <step title="Outgoing response" date="2025-11-24T19:29:22.221" type="response" statusCode="202" statusText="Accepted" /><!-- duration: 2ms -->
</step><!-- duration: 1216ms -->
