<step title="Incoming Request" date="2025-11-24T18:46:00.011" instance="7d84ad" url="/api/deployments/latest" method="GET" type="request" pid="768,1,41" Accept="*/*" Host="quotrading-flask-api.scm.azurewebsites.net" User-Agent="AZURECLI/2.80.0 (MSI)" Accept-Encoding="gzip, deflate" Authorization="Bea..." x-ms-client-request-id="c7a18f14-c965-11f0-9a4d-50bbb5629ee1" X-ARR-LOG-ID="c7a18f14-c965-11f0-9a4d-50bbb5629ee1" CLIENT-IP="69.120.241.138:65319" X-SITE-DEPLOYMENT-ID="quotrading-flask-api" WAS-DEFAULT-HOSTNAME="quotrading-flask-api.scm.azurewebsites.net" X-Forwarded-Proto="https" X-AppService-Proto="https" X-Forwarded-TlsVersion="1.3" X-WAWS-Unencoded-URL="/api/deployments/latest" X-Client-IP="69.120.241.138" X-Client-Port="65319" >
  <step title="Cleanup Xml Logs" date="2025-11-24T18:46:00.021" >
    <step title="Cleanup Infos" date="2025-11-24T18:46:00.089" totalFiles="374" totalCleanup="214" /><!-- duration: 11ms -->
  </step><!-- duration: 81ms -->
  <step title="DeploymentService.GetResult" date="2025-11-24T18:46:00.110" >
    <step title="DeploymentService.GetLatestDeployment" date="2025-11-24T18:46:00.112" >
      <step title="DeploymentManager.GetResults" date="2025-11-24T18:46:00.119" /><!-- duration: 1030ms -->
    </step><!-- duration: 1067ms -->
  </step><!-- duration: 1081ms -->
  <step title="Outgoing response" date="2025-11-24T18:46:01.209" type="response" statusCode="202" statusText="Accepted" /><!-- duration: 10ms -->
</step><!-- duration: 1209ms -->
