<step title="BackgroundTrace" date="2025-11-29T03:54:29.870" instance="c4a671" url="/api/zipdeploy" method="POST" >
  <step title="Creating temporary deployment - FetchDeploymentManager" date="2025-11-29T03:54:29.939" /><!-- duration: 2ms -->
  <step title="Creating temporary deployment" date="2025-11-29T03:54:29.945" /><!-- duration: 56ms -->
  <step title="Performing fetch based deployment" date="2025-11-29T03:54:30.066" >
    <step title="Cleaning up temp folders from previous zip deployments and extracting pushed zip file /tmp/zipdeploy/ef9ad0fe-92a7-4725-a3eb-803e98e43d02.zip (0.02 MB) to /tmp/zipdeploy/extracted" date="2025-11-29T03:54:31.368" >
      <step title="ChmodRecursive Process exited with total time taken in ms: 39" date="2025-11-29T03:54:31.452" /><!-- duration: 9ms -->
    </step><!-- duration: 99ms -->
    <step title="Deployment timer started" date="2025-11-29T03:54:33.482" >
      <step title="DeploymentManager.Deploy(id:b518c5dd-39e9-4bdf-84e8-9db5bede710b)" date="2025-11-29T03:54:33.489" >
        <step title="Collecting changeset information" date="2025-11-29T03:54:33.505" /><!-- duration: 84ms -->
        <step title="Updating submodules" date="2025-11-29T03:54:33.595" /><!-- duration: 1143ms -->
        <step title="Determining deployment builder" date="2025-11-29T03:54:34.954" >
          <step title="Builder is OryxBuilder" date="2025-11-29T03:54:34.963" /><!-- duration: 3ms -->
        </step><!-- duration: 15ms -->
        <step title="PreDeployment: context.CleanOutputPath False" date="2025-11-29T03:54:35.022" >
          <step title="PreDeployment: context.OutputPath /home/site/wwwroot" date="2025-11-29T03:54:35.183" >
            <step title="Building" date="2025-11-29T03:54:35.357" >
              <step title="Executing external process" date="2025-11-29T03:54:35.676" type="process" path="bash" arguments="-c &quot;oryx build /tmp/zipdeploy/extracted -o /home/site/wwwroot --platform python --platform-version 3.11 -p virtualenv_name=antenv --log-file /tmp/build-debug.log  -i /tmp/8de2efb02acc48f --compress-destination-dir | tee /tmp/oryx-build.log ; exit $PIPESTATUS &quot;" /><!-- duration: 66891ms -->
              <step title="Using PythonDeploymentLogParser" date="2025-11-29T03:55:43.040" /><!-- duration: 10ms -->
              <step title="Triggering recycle (preview mode disabled)." date="2025-11-29T03:55:44.166" /><!-- duration: 9ms -->
              <step title="Modified file to trigger a restart of the app container." date="2025-11-29T03:55:44.206" /><!-- duration: 3ms -->
              <step title="Skip function trigger and logicapp sync because function is not enabled." date="2025-11-29T03:55:44.219" /><!-- duration: 3ms -->
              <step title="Purge deployment items" date="2025-11-29T03:55:45.323" >
                <step title="Remove 241f6a65-, Success, received at 11/24/2025 18:40:28" date="2025-11-29T03:55:45.385" /><!-- duration: 4ms -->
              </step><!-- duration: 68ms -->
            </step><!-- duration: 70116ms -->
          </step><!-- duration: 70295ms -->
          <step title="Cleaning up temp files" date="2025-11-29T03:55:45.482" /><!-- duration: 645ms -->
          <step title="Cleaning up temp files" date="2025-11-29T03:55:46.131" /><!-- duration: 505ms -->
          <step title="Reloading status file with latest updates" date="2025-11-29T03:55:46.683" >
            <step title="WebHooksManager.PublishEventAsync: PostDeployment" date="2025-11-29T03:55:46.687" /><!-- duration: 69ms -->
          </step><!-- duration: 76ms -->
          <step title="Cleaning up temporary deployment - fetch deployment was successful" date="2025-11-29T03:55:46.766" /><!-- duration: 3ms -->
        </step><!-- duration: 71790ms -->
      </step><!-- duration: 73338ms -->
