<step title="Incoming Request" date="2025-11-24T18:53:40.539" instance="7d84ad" url="/api/deployments/latest" method="GET" type="request" pid="768,1,3" Accept="*/*" Host="quotrading-flask-api.scm.azurewebsites.net" User-Agent="AZURECLI/2.80.0 (MSI)" Accept-Encoding="gzip, deflate" Authorization="Bea..." x-ms-client-request-id="d7a61209-c966-11f0-a3e3-50bbb5629ee1" X-ARR-LOG-ID="d7a61209-c966-11f0-a3e3-50bbb5629ee1" CLIENT-IP="69.120.241.138:63155" X-SITE-DEPLOYMENT-ID="quotrading-flask-api" WAS-DEFAULT-HOSTNAME="quotrading-flask-api.scm.azurewebsites.net" X-Forwarded-Proto="https" X-AppService-Proto="https" X-Forwarded-TlsVersion="1.3" X-WAWS-Unencoded-URL="/api/deployments/latest" X-Client-IP="69.120.241.138" X-Client-Port="63155" >
  <step title="Cleanup Xml Logs" date="2025-11-24T18:53:40.549" >
    <step title="Cleanup Infos" date="2025-11-24T18:53:40.607" totalFiles="384" totalCleanup="224" /><!-- duration: 12ms -->
  </step><!-- duration: 78ms -->
  <step title="DeploymentService.GetResult" date="2025-11-24T18:53:40.645" >
    <step title="DeploymentService.GetLatestDeployment" date="2025-11-24T18:53:40.647" >
      <step title="DeploymentManager.GetResults" date="2025-11-24T18:53:40.655" /><!-- duration: 1136ms -->
    </step><!-- duration: 1149ms -->
  </step><!-- duration: 1160ms -->
  <step title="Outgoing response" date="2025-11-24T18:53:41.821" type="response" statusCode="202" statusText="Accepted" /><!-- duration: 12ms -->
</step><!-- duration: 1302ms -->
