<step title="Incoming Request" date="2025-11-22T09:44:23.559" instance="7d84ad" url="/api/zipdeploy?isAsync=true" method="POST" type="request" pid="770,1,49" Accept="*/*" Host="quotrading-flask-api.scm.azurewebsites.net" User-Agent="AZURECLI/2.79.0 (MSI)" Accept-Encoding="gzip, deflate" Authorization="Bea..." Cache-Control="no-cache" Content-Type="application/octet-stream" Content-Length="9264" x-ms-client-request-id="cf249572-c787-11f0-ab67-50bbb5629ee1" x-ms-artifact-checksum="ea19448d366567fb9b9fad4bfd97c13b22222600f3bc22c925d0ead514415b2a" X-ARR-LOG-ID="cf249572-c787-11f0-ab67-50bbb5629ee1" CLIENT-IP="69.120.241.138:63362" X-SITE-DEPLOYMENT-ID="quotrading-flask-api" WAS-DEFAULT-HOSTNAME="quotrading-flask-api.scm.azurewebsites.net" X-Forwarded-Proto="https" X-AppService-Proto="https" X-Forwarded-TlsVersion="1.3" X-WAWS-Unencoded-URL="/api/zipdeploy?isAsync=true" X-Client-IP="69.120.241.138" X-Client-Port="63362" >
  <step title="Cleanup Xml Logs" date="2025-11-22T09:44:23.562" /><!-- duration: 10ms -->
  <step title="ZipPushDeploy" date="2025-11-22T09:44:23.635" >
    <step title="ZipDeploy. Extract zip. Remote build." date="2025-11-22T09:44:23.640" /><!-- duration: 2ms -->
    <step title="Starting PushDeployAsync" date="2025-11-22T09:44:23.645" /><!-- duration: 2ms -->
    <step title="Writing artifact to /tmp/zipdeploy/21bb092a-9480-4cf8-8db3-d27d2a91f3b9.zip" date="2025-11-22T09:44:23.654" >
      <step title="Writing multipart request body to /tmp/zipdeploy/21bb092a-9480-4cf8-8db3-d27d2a91f3b9.zip" date="2025-11-22T09:44:23.656" /><!-- duration: 8ms -->
    </step><!-- duration: 32ms -->
    <step title="Removing previous build artifact&apos;s manifest file" date="2025-11-22T09:44:23.688" >
      <step title="Start deployment in the background" date="2025-11-22T09:44:23.704" >
        <step title="Acquiring Deployment Lock" date="2025-11-22T09:44:23.714" /><!-- duration: 2ms -->
        <step title="Acquired Deployment Lock" date="2025-11-22T09:44:23.753" /><!-- duration: 2ms -->
      </step><!-- duration: 111ms -->
    </step><!-- duration: 132ms -->
    <step title="Outgoing response" date="2025-11-22T09:44:23.822" type="response" statusCode="202" statusText="Accepted" /><!-- duration: 2ms -->
  </step><!-- duration: 190ms -->
