<step title="Incoming Request" date="2025-11-24T17:44:09.921" instance="7d84ad" url="/api/zipdeploy?isAsync=true" method="POST" type="request" pid="768,1,15" Accept="*/*" Host="quotrading-flask-api.scm.azurewebsites.net" User-Agent="AZURECLI/2.80.0 (MSI)" Accept-Encoding="gzip, deflate" Authorization="Bea..." Cache-Control="no-cache" Content-Type="application/octet-stream" Content-Length="31007" x-ms-client-request-id="0866a1ef-c95d-11f0-9d41-50bbb5629ee1" x-ms-artifact-checksum="8a85f2cf36d518730ba162c0691297e4b6d9e6ef01da75aec8a7024ba6658bc4" X-ARR-LOG-ID="0866a1ef-c95d-11f0-9d41-50bbb5629ee1" CLIENT-IP="69.120.241.138:51361" X-SITE-DEPLOYMENT-ID="quotrading-flask-api" WAS-DEFAULT-HOSTNAME="quotrading-flask-api.scm.azurewebsites.net" X-Forwarded-Proto="https" X-AppService-Proto="https" X-Forwarded-TlsVersion="1.3" X-WAWS-Unencoded-URL="/api/zipdeploy?isAsync=true" X-Client-IP="69.120.241.138" X-Client-Port="51361" >
  <step title="ZipPushDeploy" date="2025-11-24T17:44:10.623" >
    <step title="ZipDeploy. Extract zip. Remote build." date="2025-11-24T17:44:10.644" /><!-- duration: 3ms -->
    <step title="None repository commit" date="2025-11-24T17:44:10.653" >
      <step title="Commit id: 7323884b-50bf-4fb0-bd69-9b716c7cc9fc" date="2025-11-24T17:44:10.655" Message="N/A" AuthorName="N/A" AuthorEmail="N/A" /><!-- duration: 2ms -->
    </step><!-- duration: 5ms -->
    <step title="Starting PushDeployAsync" date="2025-11-24T17:44:10.660" /><!-- duration: 2ms -->
    <step title="Writing artifact to /tmp/zipdeploy/0db84047-cba2-465c-b476-83d54e3029d7.zip" date="2025-11-24T17:44:10.682" >
      <step title="Writing multipart request body to /tmp/zipdeploy/0db84047-cba2-465c-b476-83d54e3029d7.zip" date="2025-11-24T17:44:10.686" /><!-- duration: 6ms -->
    </step><!-- duration: 61ms -->
    <step title="Removing previous build artifact&apos;s manifest file" date="2025-11-24T17:44:10.782" >
      <step title="Start deployment in the background" date="2025-11-24T17:44:10.833" >
        <step title="Acquiring Deployment Lock" date="2025-11-24T17:44:10.874" /><!-- duration: 9ms -->
        <step title="Acquired Deployment Lock" date="2025-11-24T17:44:10.967" /><!-- duration: 6ms -->
      </step><!-- duration: 209ms -->
    </step><!-- duration: 269ms -->
    <step title="Outgoing response" date="2025-11-24T17:44:11.064" type="response" statusCode="202" statusText="Accepted" /><!-- duration: 9ms -->
  </step><!-- duration: 452ms -->
