<step title="Incoming Request" date="2025-11-24T08:51:56.807" instance="7d84ad" url="/api/zipdeploy?isAsync=true" method="POST" type="request" pid="768,1,7" Accept="*/*" Host="quotrading-flask-api.scm.azurewebsites.net" User-Agent="AZURECLI/2.80.0 (MSI)" Accept-Encoding="gzip, deflate" Authorization="Bea..." Cache-Control="no-cache" Content-Type="application/octet-stream" Content-Length="29082" x-ms-client-request-id="c4a1e224-c912-11f0-92a5-50bbb5629ee1" x-ms-artifact-checksum="a7ec0009f25d18c1686acdce911ded9e7fe34bd25d17367e58e2257d331ebb82" X-ARR-LOG-ID="c4a1e224-c912-11f0-92a5-50bbb5629ee1" CLIENT-IP="69.120.241.138:58068" X-SITE-DEPLOYMENT-ID="quotrading-flask-api" WAS-DEFAULT-HOSTNAME="quotrading-flask-api.scm.azurewebsites.net" X-Forwarded-Proto="https" X-AppService-Proto="https" X-Forwarded-TlsVersion="1.3" X-WAWS-Unencoded-URL="/api/zipdeploy?isAsync=true" X-Client-IP="69.120.241.138" X-Client-Port="58068" >
  <step title="ZipPushDeploy" date="2025-11-24T08:51:57.409" >
    <step title="ZipDeploy. Extract zip. Remote build." date="2025-11-24T08:51:57.418" /><!-- duration: 2ms -->
    <step title="None repository commit" date="2025-11-24T08:51:57.429" >
      <step title="Commit id: 241aa2a4-9643-4968-a6a9-f3d9340bc09f" date="2025-11-24T08:51:57.432" Message="N/A" AuthorName="N/A" AuthorEmail="N/A" /><!-- duration: 2ms -->
    </step><!-- duration: 6ms -->
    <step title="Starting PushDeployAsync" date="2025-11-24T08:51:57.438" /><!-- duration: 2ms -->
    <step title="Writing artifact to /tmp/zipdeploy/eebd8ee7-9738-4e41-8483-1fd2dd75b4b2.zip" date="2025-11-24T08:51:57.459" >
      <step title="Writing multipart request body to /tmp/zipdeploy/eebd8ee7-9738-4e41-8483-1fd2dd75b4b2.zip" date="2025-11-24T08:51:57.462" /><!-- duration: 7ms -->
    </step><!-- duration: 109ms -->
    <step title="Removing previous build artifact&apos;s manifest file" date="2025-11-24T08:51:57.572" >
      <step title="Start deployment in the background" date="2025-11-24T08:51:57.581" >
        <step title="Acquiring Deployment Lock" date="2025-11-24T08:51:57.608" /><!-- duration: 2ms -->
        <step title="Acquired Deployment Lock" date="2025-11-24T08:51:57.647" /><!-- duration: 2ms -->
      </step><!-- duration: 127ms -->
    </step><!-- duration: 158ms -->
    <step title="Outgoing response" date="2025-11-24T08:51:57.749" type="response" statusCode="202" statusText="Accepted" /><!-- duration: 2ms -->
  </step><!-- duration: 346ms -->
