<step title="Incoming Request" date="2025-11-24T08:08:53.191" instance="7d84ad" url="/api/deployments/latest" method="GET" type="request" pid="768,1,19" Accept="*/*" Host="quotrading-flask-api.scm.azurewebsites.net" User-Agent="AZURECLI/2.80.0 (MSI)" Accept-Encoding="gzip, deflate" Authorization="Bea..." x-ms-client-request-id="aa3acfd8-c90c-11f0-bc0e-50bbb5629ee1" X-ARR-LOG-ID="aa3acfd8-c90c-11f0-bc0e-50bbb5629ee1" CLIENT-IP="69.120.241.138:61047" X-SITE-DEPLOYMENT-ID="quotrading-flask-api" WAS-DEFAULT-HOSTNAME="quotrading-flask-api.scm.azurewebsites.net" X-Forwarded-Proto="https" X-AppService-Proto="https" X-Forwarded-TlsVersion="1.3" X-WAWS-Unencoded-URL="/api/deployments/latest" X-Client-IP="69.120.241.138" X-Client-Port="61047" >
  <step title="Cleanup Xml Logs" date="2025-11-24T08:08:53.194" >
    <step title="Cleanup Infos" date="2025-11-24T08:08:53.200" totalFiles="228" totalCleanup="68" /><!-- duration: 3ms -->
  </step><!-- duration: 10ms -->
  <step title="DeploymentService.GetResult" date="2025-11-24T08:08:53.249" >
    <step title="DeploymentService.GetLatestDeployment" date="2025-11-24T08:08:53.253" >
      <step title="DeploymentManager.GetResults" date="2025-11-24T08:08:53.255" /><!-- duration: 634ms -->
    </step><!-- duration: 640ms -->
  </step><!-- duration: 649ms -->
  <step title="Outgoing response" date="2025-11-24T08:08:53.979" type="response" statusCode="202" statusText="Accepted" /><!-- duration: 3ms -->
</step><!-- duration: 797ms -->
