<step title="BackgroundTrace" date="2025-11-24T19:29:13.251" instance="7d84ad" url="/api/zipdeploy" method="POST" >
  <step title="Creating temporary deployment - FetchDeploymentManager" date="2025-11-24T19:29:13.315" /><!-- duration: 1ms -->
  <step title="Creating temporary deployment" date="2025-11-24T19:29:13.320" /><!-- duration: 52ms -->
  <step title="Performing fetch based deployment" date="2025-11-24T19:29:13.444" >
    <step title="Cleaning up temp folders from previous zip deployments and extracting pushed zip file /tmp/zipdeploy/8db65b5a-32d5-4872-b66e-31ee7ffc1ac3.zip (0.03 MB) to /tmp/zipdeploy/extracted" date="2025-11-24T19:29:14.611" >
      <step title="ChmodRecursive Process exited with total time taken in ms: 67" date="2025-11-24T19:29:14.727" /><!-- duration: 5ms -->
    </step><!-- duration: 124ms -->
    <step title="Deployment timer started" date="2025-11-24T19:29:16.748" >
      <step title="DeploymentManager.Deploy(id:89ed365a-54a6-4f01-b178-f26c556f3911)" date="2025-11-24T19:29:16.752" >
        <step title="Collecting changeset information" date="2025-11-24T19:29:16.775" /><!-- duration: 133ms -->
        <step title="Updating submodules" date="2025-11-24T19:29:16.912" /><!-- duration: 1117ms -->
        <step title="Determining deployment builder" date="2025-11-24T19:29:18.238" >
          <step title="Builder is OryxBuilder" date="2025-11-24T19:29:18.247" /><!-- duration: 11ms -->
        </step><!-- duration: 38ms -->
        <step title="PreDeployment: context.CleanOutputPath False" date="2025-11-24T19:29:18.388" >
          <step title="PreDeployment: context.OutputPath /home/site/wwwroot" date="2025-11-24T19:29:18.584" >
            <step title="Building" date="2025-11-24T19:29:18.713" >
              <step title="Executing external process" date="2025-11-24T19:29:19.036" type="process" path="bash" arguments="-c &quot;oryx build /tmp/zipdeploy/extracted -o /home/site/wwwroot --platform python --platform-version 3.11 -p virtualenv_name=antenv --log-file /tmp/build-debug.log  -i /tmp/8de2b8fc2de9c79 --compress-destination-dir | tee /tmp/oryx-build.log ; exit $PIPESTATUS &quot;" /><!-- duration: 79822ms -->
              <step title="Using PythonDeploymentLogParser" date="2025-11-24T19:30:39.241" /><!-- duration: 2ms -->
              <step title="Triggering recycle (preview mode disabled)." date="2025-11-24T19:30:40.533" /><!-- duration: 4ms -->
              <step title="Modified file to trigger a restart of the app container." date="2025-11-24T19:30:40.581" /><!-- duration: 2ms -->
              <step title="Skip function trigger and logicapp sync because function is not enabled." date="2025-11-24T19:30:40.586" /><!-- duration: 3ms -->
              <step title="Purge deployment items" date="2025-11-24T19:30:41.745" >
                <step title="Remove 83599e2a-, Success, received at 11/24/2025 11:17:54" date="2025-11-24T19:30:41.796" /><!-- duration: 3ms -->
              </step><!-- duration: 59ms -->
            </step><!-- duration: 83159ms -->
          </step><!-- duration: 83292ms -->
          <step title="Cleaning up temp files" date="2025-11-24T19:30:41.877" /><!-- duration: 411ms -->
          <step title="Cleaning up temp files" date="2025-11-24T19:30:42.290" /><!-- duration: 506ms -->
          <step title="Reloading status file with latest updates" date="2025-11-24T19:30:42.817" >
            <step title="WebHooksManager.PublishEventAsync: PostDeployment" date="2025-11-24T19:30:42.819" /><!-- duration: 29ms -->
          </step><!-- duration: 34ms -->
          <step title="Cleaning up temporary deployment - fetch deployment was successful" date="2025-11-24T19:30:42.854" /><!-- duration: 2ms -->
        </step><!-- duration: 84515ms -->
      </step><!-- duration: 86162ms -->
