<step title="Incoming Request" date="2025-11-26T15:17:34.911" instance="c4a671" url="/api/zipdeploy?isAsync=true" method="POST" type="request" pid="768,1,41" Accept="*/*" Host="quotrading-flask-api.scm.azurewebsites.net" User-Agent="AZURECLI/2.80.0 (MSI)" Accept-Encoding="gzip, deflate" Authorization="Bea..." Cache-Control="no-cache" Content-Type="application/octet-stream" Content-Length="21389" x-ms-client-request-id="fc501a93-cada-11f0-a137-50bbb5629ee1" x-ms-artifact-checksum="df2f804be1ceedc3b07873b8b9044b02ad186949a9a65e76f47be85bbafc42be" X-ARR-LOG-ID="fc501a93-cada-11f0-a137-50bbb5629ee1" CLIENT-IP="69.120.241.138:55197" X-SITE-DEPLOYMENT-ID="quotrading-flask-api" WAS-DEFAULT-HOSTNAME="quotrading-flask-api.scm.azurewebsites.net" X-Forwarded-Proto="https" X-AppService-Proto="https" X-Forwarded-TlsVersion="1.3" X-WAWS-Unencoded-URL="/api/zipdeploy?isAsync=true" X-Client-IP="69.120.241.138" X-Client-Port="55197" >
  <step title="Cleanup Xml Logs" date="2025-11-26T15:17:34.914" >
    <step title="Cleanup Infos" date="2025-11-26T15:17:34.929" totalFiles="459" totalCleanup="299" /><!-- duration: 5ms -->
  </step><!-- duration: 23ms -->
  <step title="ZipPushDeploy" date="2025-11-26T15:17:34.951" >
    <step title="ZipDeploy. Extract zip. Remote build." date="2025-11-26T15:17:34.959" /><!-- duration: 24ms -->
    <step title="Starting PushDeployAsync" date="2025-11-26T15:17:34.987" /><!-- duration: 3ms -->
    <step title="Writing artifact to /tmp/zipdeploy/0597daa7-85c3-4a47-9914-09ed1edf3a4e.zip" date="2025-11-26T15:17:35.005" >
      <step title="Writing multipart request body to /tmp/zipdeploy/0597daa7-85c3-4a47-9914-09ed1edf3a4e.zip" date="2025-11-26T15:17:35.008" /><!-- duration: 3ms -->
    </step><!-- duration: 16ms -->
    <step title="Removing previous build artifact&apos;s manifest file" date="2025-11-26T15:17:35.026" >
      <step title="Start deployment in the background" date="2025-11-26T15:17:35.055" >
        <step title="Acquiring Deployment Lock" date="2025-11-26T15:17:35.085" /><!-- duration: 9ms -->
        <step title="Acquired Deployment Lock" date="2025-11-26T15:17:35.121" /><!-- duration: 3ms -->
      </step><!-- duration: 138ms -->
    </step><!-- duration: 175ms -->
    <step title="Outgoing response" date="2025-11-26T15:17:35.206" type="response" statusCode="202" statusText="Accepted" /><!-- duration: 4ms -->
  </step><!-- duration: 262ms -->
