<step title="Incoming Request" date="2025-11-22T18:59:52.405" instance="7d84ad" url="/api/zipdeploy?isAsync=true" method="POST" type="request" pid="768,1,35" Accept="*/*" Host="quotrading-flask-api.scm.azurewebsites.net" User-Agent="AZURECLI/2.79.0 (MSI)" Accept-Encoding="gzip, deflate" Authorization="Bea..." Cache-Control="no-cache" Content-Type="application/octet-stream" Content-Length="69750" x-ms-client-request-id="646f9669-c7d5-11f0-ba42-50bbb5629ee1" x-ms-artifact-checksum="bd4ef462782e1b12f16b6cf5f49f3bad678c06ea0eca82dbe21ce5915cfdf103" X-ARR-LOG-ID="646f9669-c7d5-11f0-ba42-50bbb5629ee1" CLIENT-IP="69.120.241.138:56702" X-SITE-DEPLOYMENT-ID="quotrading-flask-api" WAS-DEFAULT-HOSTNAME="quotrading-flask-api.scm.azurewebsites.net" X-Forwarded-Proto="https" X-AppService-Proto="https" X-Forwarded-TlsVersion="1.3" X-WAWS-Unencoded-URL="/api/zipdeploy?isAsync=true" X-Client-IP="69.120.241.138" X-Client-Port="56702" >
  <step title="Cleanup Xml Logs" date="2025-11-22T18:59:52.407" /><!-- duration: 45ms -->
  <step title="ZipPushDeploy" date="2025-11-22T18:59:52.540" >
    <step title="ZipDeploy. Extract zip. Remote build." date="2025-11-22T18:59:52.559" /><!-- duration: 2ms -->
    <step title="Starting PushDeployAsync" date="2025-11-22T18:59:52.571" /><!-- duration: 9ms -->
    <step title="Writing artifact to /tmp/zipdeploy/741f4a55-b226-4835-abf6-759b7802ff3a.zip" date="2025-11-22T18:59:52.620" >
      <step title="Writing multipart request body to /tmp/zipdeploy/741f4a55-b226-4835-abf6-759b7802ff3a.zip" date="2025-11-22T18:59:52.630" /><!-- duration: 19ms -->
    </step><!-- duration: 60ms -->
    <step title="Removing previous build artifact&apos;s manifest file" date="2025-11-22T18:59:52.691" >
      <step title="Start deployment in the background" date="2025-11-22T18:59:52.731" >
        <step title="Acquiring Deployment Lock" date="2025-11-22T18:59:52.770" /><!-- duration: 11ms -->
        <step title="Acquired Deployment Lock" date="2025-11-22T18:59:52.816" /><!-- duration: 2ms -->
      </step><!-- duration: 167ms -->
    </step><!-- duration: 211ms -->
    <step title="Outgoing response" date="2025-11-22T18:59:52.904" type="response" statusCode="202" statusText="Accepted" /><!-- duration: 2ms -->
  </step><!-- duration: 368ms -->
