<step title="Incoming Request" date="2025-11-24T18:01:44.334" instance="7d84ad" url="/api/zipdeploy?isAsync=true" method="POST" type="request" pid="768,1,15" Accept="*/*" Host="quotrading-flask-api.scm.azurewebsites.net" User-Agent="AZURECLI/2.80.0 (MSI)" Accept-Encoding="gzip, deflate" Authorization="Bea..." Cache-Control="no-cache" Content-Type="application/octet-stream" Content-Length="31518" x-ms-client-request-id="9ae71a26-c95f-11f0-b297-50bbb5629ee1" x-ms-artifact-checksum="e084d2af5983cfd3e163461c919db1518d692f1e7a53e38403f23e9f7037d560" X-ARR-LOG-ID="9ae71a26-c95f-11f0-b297-50bbb5629ee1" CLIENT-IP="69.120.241.138:55161" X-SITE-DEPLOYMENT-ID="quotrading-flask-api" WAS-DEFAULT-HOSTNAME="quotrading-flask-api.scm.azurewebsites.net" X-Forwarded-Proto="https" X-AppService-Proto="https" X-Forwarded-TlsVersion="1.3" X-WAWS-Unencoded-URL="/api/zipdeploy?isAsync=true" X-Client-IP="69.120.241.138" X-Client-Port="55161" >
  <step title="Cleanup Xml Logs" date="2025-11-24T18:01:44.337" >
    <step title="Cleanup Infos" date="2025-11-24T18:01:44.346" totalFiles="336" totalCleanup="176" /><!-- duration: 7ms -->
  </step><!-- duration: 17ms -->
  <step title="ZipPushDeploy" date="2025-11-24T18:01:44.363" >
    <step title="ZipDeploy. Extract zip. Remote build." date="2025-11-24T18:01:44.367" /><!-- duration: 2ms -->
    <step title="Starting PushDeployAsync" date="2025-11-24T18:01:44.370" /><!-- duration: 2ms -->
    <step title="Writing artifact to /tmp/zipdeploy/6f4835b6-dd77-4cbd-acbb-336db4451a72.zip" date="2025-11-24T18:01:44.384" >
      <step title="Writing multipart request body to /tmp/zipdeploy/6f4835b6-dd77-4cbd-acbb-336db4451a72.zip" date="2025-11-24T18:01:44.387" /><!-- duration: 7ms -->
    </step><!-- duration: 67ms -->
    <step title="Removing previous build artifact&apos;s manifest file" date="2025-11-24T18:01:44.463" >
      <step title="Start deployment in the background" date="2025-11-24T18:01:44.497" >
        <step title="Acquiring Deployment Lock" date="2025-11-24T18:01:44.526" /><!-- duration: 7ms -->
        <step title="Acquired Deployment Lock" date="2025-11-24T18:01:44.561" /><!-- duration: 2ms -->
      </step><!-- duration: 136ms -->
    </step><!-- duration: 190ms -->
    <step title="Outgoing response" date="2025-11-24T18:01:44.672" type="response" statusCode="202" statusText="Accepted" /><!-- duration: 2ms -->
  </step><!-- duration: 316ms -->
