<step title="BackgroundTrace" date="2025-11-24T06:16:40.770" instance="7d84ad" url="/api/zipdeploy" method="POST" >
  <step title="Creating temporary deployment - FetchDeploymentManager" date="2025-11-24T06:16:40.828" /><!-- duration: 2ms -->
  <step title="Creating temporary deployment" date="2025-11-24T06:16:40.833" /><!-- duration: 76ms -->
  <step title="Performing fetch based deployment" date="2025-11-24T06:16:40.942" >
    <step title="Cleaning up temp folders from previous zip deployments and extracting pushed zip file /tmp/zipdeploy/a6904a19-426a-4dbf-b650-cba130ae6bed.zip (0.08 MB) to /tmp/zipdeploy/extracted" date="2025-11-24T06:16:42.137" >
      <step title="ChmodRecursive Process exited with total time taken in ms: 92" date="2025-11-24T06:16:42.424" /><!-- duration: 10ms -->
    </step><!-- duration: 299ms -->
    <step title="Deployment timer started" date="2025-11-24T06:16:44.457" >
      <step title="DeploymentManager.Deploy(id:d0dd1a2f-c7c0-40a9-a5e9-c77087e46358)" date="2025-11-24T06:16:44.489" >
        <step title="Collecting changeset information" date="2025-11-24T06:16:44.496" /><!-- duration: 134ms -->
        <step title="Updating submodules" date="2025-11-24T06:16:44.633" /><!-- duration: 1227ms -->
        <step title="Determining deployment builder" date="2025-11-24T06:16:46.052" >
          <step title="Builder is OryxBuilder" date="2025-11-24T06:16:46.073" /><!-- duration: 2ms -->
        </step><!-- duration: 37ms -->
        <step title="PreDeployment: context.CleanOutputPath False" date="2025-11-24T06:16:46.141" >
          <step title="PreDeployment: context.OutputPath /home/site/wwwroot" date="2025-11-24T06:16:46.266" >
            <step title="Building" date="2025-11-24T06:16:46.436" >
              <step title="Executing external process" date="2025-11-24T06:16:46.761" type="process" path="bash" arguments="-c &quot;oryx build /tmp/zipdeploy/extracted -o /home/site/wwwroot --platform python --platform-version 3.11 -p virtualenv_name=antenv --log-file /tmp/build-debug.log  -i /tmp/8de2b210b8d6d95 --compress-destination-dir | tee /tmp/oryx-build.log ; exit $PIPESTATUS &quot;" /><!-- duration: 59219ms -->
              <step title="Using PythonDeploymentLogParser" date="2025-11-24T06:17:46.433" /><!-- duration: 2ms -->
              <step title="Triggering recycle (preview mode disabled)." date="2025-11-24T06:17:47.575" /><!-- duration: 6ms -->
              <step title="Modified file to trigger a restart of the app container." date="2025-11-24T06:17:47.622" /><!-- duration: 2ms -->
              <step title="Skip function trigger and logicapp sync because function is not enabled." date="2025-11-24T06:17:47.649" /><!-- duration: 4ms -->
              <step title="Purge deployment items" date="2025-11-24T06:17:48.961" >
                <step title="Remove 0aebd349-, Success, received at 11/22/2025 10:03:02" date="2025-11-24T06:17:49.015" /><!-- duration: 2ms -->
              </step><!-- duration: 58ms -->
            </step><!-- duration: 62670ms -->
          </step><!-- duration: 62844ms -->
          <step title="Cleaning up temp files" date="2025-11-24T06:17:49.112" /><!-- duration: 308ms -->
          <step title="Cleaning up temp files" date="2025-11-24T06:17:49.422" /><!-- duration: 508ms -->
          <step title="Reloading status file with latest updates" date="2025-11-24T06:17:49.989" >
            <step title="WebHooksManager.PublishEventAsync: PostDeployment" date="2025-11-24T06:17:49.993" /><!-- duration: 36ms -->
          </step><!-- duration: 46ms -->
          <step title="Cleaning up temporary deployment - fetch deployment was successful" date="2025-11-24T06:17:50.038" /><!-- duration: 2ms -->
        </step><!-- duration: 63956ms -->
      </step><!-- duration: 65622ms -->
