<step title="BackgroundTrace" date="2025-11-22T19:04:50.012" instance="7d84ad" url="/api/zipdeploy" method="POST" >
  <step title="Creating temporary deployment - FetchDeploymentManager" date="2025-11-22T19:04:50.054" /><!-- duration: 1ms -->
  <step title="Creating temporary deployment" date="2025-11-22T19:04:50.058" /><!-- duration: 55ms -->
  <step title="Performing fetch based deployment" date="2025-11-22T19:04:50.135" >
    <step title="Cleaning up temp folders from previous zip deployments and extracting pushed zip file /tmp/zipdeploy/4a7e56d9-d2f8-42c9-ba75-d45d27a1e4de.zip (0.07 MB) to /tmp/zipdeploy/extracted" date="2025-11-22T19:04:51.264" >
      <step title="ChmodRecursive Process exited with total time taken in ms: 48" date="2025-11-22T19:04:51.370" /><!-- duration: 4ms -->
    </step><!-- duration: 117ms -->
    <step title="Deployment timer started" date="2025-11-22T19:04:53.396" >
      <step title="DeploymentManager.Deploy(id:67cd5de8-366b-496f-aa46-3f4597b1367b)" date="2025-11-22T19:04:53.399" >
        <step title="Collecting changeset information" date="2025-11-22T19:04:53.442" /><!-- duration: 99ms -->
        <step title="Updating submodules" date="2025-11-22T19:04:53.545" /><!-- duration: 1110ms -->
        <step title="Determining deployment builder" date="2025-11-22T19:04:54.920" >
          <step title="Builder is OryxBuilder" date="2025-11-22T19:04:54.925" /><!-- duration: 10ms -->
        </step><!-- duration: 17ms -->
        <step title="PreDeployment: context.CleanOutputPath False" date="2025-11-22T19:04:55.025" >
          <step title="PreDeployment: context.OutputPath /home/site/wwwroot" date="2025-11-22T19:04:55.216" >
            <step title="Building" date="2025-11-22T19:04:55.635" >
              <step title="Executing external process" date="2025-11-22T19:04:56.187" type="process" path="bash" arguments="-c &quot;oryx build /tmp/zipdeploy/extracted -o /home/site/wwwroot --platform python --platform-version 3.11 -p virtualenv_name=antenv --log-file /tmp/build-debug.log  -i /tmp/8de29fa05d1fd57 --compress-destination-dir | tee /tmp/oryx-build.log ; exit $PIPESTATUS &quot;" /><!-- duration: 46681ms -->
              <step title="Using PythonDeploymentLogParser" date="2025-11-22T19:05:43.284" /><!-- duration: 19ms -->
              <step title="Triggering recycle (preview mode disabled)." date="2025-11-22T19:05:44.976" /><!-- duration: 5ms -->
              <step title="Modified file to trigger a restart of the app container." date="2025-11-22T19:05:45.013" /><!-- duration: 2ms -->
              <step title="Skip function trigger and logicapp sync because function is not enabled." date="2025-11-22T19:05:45.019" /><!-- duration: 4ms -->
              <step title="Purge deployment items" date="2025-11-22T19:05:46.152" >
                <step title="Remove c8084e8c-, Success, received at 11/22/2025 09:44:27" date="2025-11-22T19:05:46.195" /><!-- duration: 2ms -->
              </step><!-- duration: 48ms -->
            </step><!-- duration: 50642ms -->
          </step><!-- duration: 51064ms -->
          <step title="Cleaning up temp files" date="2025-11-22T19:05:46.281" /><!-- duration: 315ms -->
          <step title="Cleaning up temp files" date="2025-11-22T19:05:46.601" /><!-- duration: 504ms -->
          <step title="Reloading status file with latest updates" date="2025-11-22T19:05:47.144" >
            <step title="WebHooksManager.PublishEventAsync: PostDeployment" date="2025-11-22T19:05:47.146" /><!-- duration: 30ms -->
          </step><!-- duration: 34ms -->
          <step title="Cleaning up temporary deployment - fetch deployment was successful" date="2025-11-22T19:05:47.182" /><!-- duration: 2ms -->
        </step><!-- duration: 52236ms -->
      </step><!-- duration: 53870ms -->
