<step title="Incoming Request" date="2025-11-24T18:40:31.814" instance="7d84ad" url="/api/deployments/latest" method="GET" type="request" pid="768,1,26" Accept="*/*" Host="quotrading-flask-api.scm.azurewebsites.net" User-Agent="AZURECLI/2.80.0 (MSI)" Accept-Encoding="gzip, deflate" Authorization="Bea..." x-ms-client-request-id="01b636c4-c965-11f0-93a0-50bbb5629ee1" X-ARR-LOG-ID="01b636c4-c965-11f0-93a0-50bbb5629ee1" CLIENT-IP="69.120.241.138:50480" X-SITE-DEPLOYMENT-ID="quotrading-flask-api" WAS-DEFAULT-HOSTNAME="quotrading-flask-api.scm.azurewebsites.net" X-Forwarded-Proto="https" X-AppService-Proto="https" X-Forwarded-TlsVersion="1.3" X-WAWS-Unencoded-URL="/api/deployments/latest" X-Client-IP="69.120.241.138" X-Client-Port="50480" >
  <step title="Cleanup Xml Logs" date="2025-11-24T18:40:31.828" >
    <step title="Cleanup Infos" date="2025-11-24T18:40:31.868" totalFiles="365" totalCleanup="205" /><!-- duration: 11ms -->
  </step><!-- duration: 60ms -->
  <step title="DeploymentService.GetResult" date="2025-11-24T18:40:31.907" >
    <step title="DeploymentService.GetLatestDeployment" date="2025-11-24T18:40:31.909" >
      <step title="DeploymentManager.GetResults" date="2025-11-24T18:40:31.926" /><!-- duration: 992ms -->
    </step><!-- duration: 1046ms -->
  </step><!-- duration: 1061ms -->
  <step title="Outgoing response" date="2025-11-24T18:40:32.996" type="response" statusCode="202" statusText="Accepted" /><!-- duration: 21ms -->
</step><!-- duration: 1222ms -->
