<step title="BackgroundTrace" date="2025-11-22T10:02:58.632" instance="7d84ad" url="/api/zipdeploy" method="POST" >
  <step title="Creating temporary deployment - FetchDeploymentManager" date="2025-11-22T10:02:58.674" /><!-- duration: 1ms -->
  <step title="Creating temporary deployment" date="2025-11-22T10:02:58.678" /><!-- duration: 48ms -->
  <step title="Performing fetch based deployment" date="2025-11-22T10:02:58.743" >
    <step title="Cleaning up temp folders from previous zip deployments and extracting pushed zip file /tmp/zipdeploy/458c9a24-54cb-4a86-a26d-402714b51d3d.zip (0.01 MB) to /tmp/zipdeploy/extracted" date="2025-11-22T10:02:59.893" >
      <step title="ChmodRecursive Process exited with total time taken in ms: 151" date="2025-11-22T10:03:00.097" /><!-- duration: 20ms -->
    </step><!-- duration: 254ms -->
    <step title="Deployment timer started" date="2025-11-22T10:03:02.186" >
      <step title="DeploymentManager.Deploy(id:0aebd349-aaf0-4e06-b873-8e72f7973c83)" date="2025-11-22T10:03:02.196" >
        <step title="Collecting changeset information" date="2025-11-22T10:03:02.228" /><!-- duration: 107ms -->
        <step title="Updating submodules" date="2025-11-22T10:03:02.337" /><!-- duration: 1118ms -->
        <step title="Determining deployment builder" date="2025-11-22T10:03:03.743" >
          <step title="Builder is OryxBuilder" date="2025-11-22T10:03:03.758" /><!-- duration: 2ms -->
        </step><!-- duration: 18ms -->
        <step title="PreDeployment: context.CleanOutputPath False" date="2025-11-22T10:03:03.820" >
          <step title="PreDeployment: context.OutputPath /home/site/wwwroot" date="2025-11-22T10:03:03.960" >
            <step title="Building" date="2025-11-22T10:03:04.131" >
              <step title="Executing external process" date="2025-11-22T10:03:04.444" type="process" path="bash" arguments="-c &quot;oryx build /tmp/zipdeploy/extracted -o /home/site/wwwroot --platform python --platform-version 3.11 -p virtualenv_name=antenv --log-file /tmp/build-debug.log  -i /tmp/8de29ae53a73365 --compress-destination-dir | tee /tmp/oryx-build.log ; exit $PIPESTATUS &quot;" /><!-- duration: 45507ms -->
              <step title="Using PythonDeploymentLogParser" date="2025-11-22T10:03:50.309" /><!-- duration: 14ms -->
              <step title="Triggering recycle (preview mode disabled)." date="2025-11-22T10:03:51.810" /><!-- duration: 3ms -->
              <step title="Modified file to trigger a restart of the app container." date="2025-11-22T10:03:51.867" /><!-- duration: 2ms -->
              <step title="Skip function trigger and logicapp sync because function is not enabled." date="2025-11-22T10:03:51.872" /><!-- duration: 11ms -->
              <step title="Purge deployment items" date="2025-11-22T10:03:53.835" >
                <step title="Remove 891ba5f4-, Success, received at 11/22/2025 07:51:09" date="2025-11-22T10:03:53.887" /><!-- duration: 2ms -->
              </step><!-- duration: 56ms -->
            </step><!-- duration: 49867ms -->
          </step><!-- duration: 50049ms -->
          <step title="Cleaning up temp files" date="2025-11-22T10:03:54.018" /><!-- duration: 851ms -->
          <step title="Cleaning up temp files" date="2025-11-22T10:03:54.880" /><!-- duration: 522ms -->
          <step title="Reloading status file with latest updates" date="2025-11-22T10:03:55.473" >
            <step title="WebHooksManager.PublishEventAsync: PostDeployment" date="2025-11-22T10:03:55.475" /><!-- duration: 109ms -->
          </step><!-- duration: 120ms -->
          <step title="Cleaning up temporary deployment - fetch deployment was successful" date="2025-11-22T10:03:55.604" /><!-- duration: 7ms -->
        </step><!-- duration: 51882ms -->
      </step><!-- duration: 53529ms -->
