<step title="BackgroundTrace" date="2025-11-22T06:57:37.033" instance="7d84ad" url="/api/zipdeploy" method="POST" >
  <step title="Creating temporary deployment - FetchDeploymentManager" date="2025-11-22T06:57:37.080" /><!-- duration: 1ms -->
  <step title="Creating temporary deployment" date="2025-11-22T06:57:37.084" /><!-- duration: 65ms -->
  <step title="Performing fetch based deployment" date="2025-11-22T06:57:37.194" >
    <step title="Cleaning up temp folders from previous zip deployments and extracting pushed zip file /tmp/zipdeploy/d8cea98d-81ed-44d8-9210-dd1856779656.zip (0.01 MB) to /tmp/zipdeploy/extracted" date="2025-11-22T06:57:38.338" >
      <step title="ChmodRecursive Process exited with total time taken in ms: 75" date="2025-11-22T06:57:38.443" /><!-- duration: 3ms -->
    </step><!-- duration: 110ms -->
    <step title="Deployment timer started" date="2025-11-22T06:57:40.462" >
      <step title="DeploymentManager.Deploy(id:03a2aa3a-2c16-4a89-87bc-bdb6d0c6b7d8)" date="2025-11-22T06:57:40.468" >
        <step title="Collecting changeset information" date="2025-11-22T06:57:40.504" /><!-- duration: 107ms -->
        <step title="Updating submodules" date="2025-11-22T06:57:40.614" /><!-- duration: 1125ms -->
        <step title="Determining deployment builder" date="2025-11-22T06:57:41.932" >
          <step title="Builder is OryxBuilder" date="2025-11-22T06:57:41.965" /><!-- duration: 10ms -->
        </step><!-- duration: 54ms -->
        <step title="PreDeployment: context.CleanOutputPath False" date="2025-11-22T06:57:42.041" >
          <step title="PreDeployment: context.OutputPath /home/site/wwwroot" date="2025-11-22T06:57:42.161" >
            <step title="Building" date="2025-11-22T06:57:42.309" >
              <step title="Executing external process" date="2025-11-22T06:57:42.624" type="process" path="bash" arguments="-c &quot;oryx build /tmp/zipdeploy/extracted -o /home/site/wwwroot --platform python --platform-version 3.11 -p virtualenv_name=antenv --log-file /tmp/build-debug.log  -i /tmp/8de29946e906d3e --compress-destination-dir | tee /tmp/oryx-build.log ; exit $PIPESTATUS &quot;" /><!-- duration: 47897ms -->
              <step title="Using PythonDeploymentLogParser" date="2025-11-22T06:58:30.892" /><!-- duration: 11ms -->
              <step title="Triggering recycle (preview mode disabled)." date="2025-11-22T06:58:31.996" /><!-- duration: 7ms -->
              <step title="Modified file to trigger a restart of the app container." date="2025-11-22T06:58:32.046" /><!-- duration: 2ms -->
              <step title="Skip function trigger and logicapp sync because function is not enabled." date="2025-11-22T06:58:32.053" /><!-- duration: 2ms -->
            </step><!-- duration: 50705ms -->
          </step><!-- duration: 50860ms -->
          <step title="Cleaning up temp files" date="2025-11-22T06:58:33.023" /><!-- duration: 288ms -->
          <step title="Cleaning up temp files" date="2025-11-22T06:58:33.319" /><!-- duration: 503ms -->
          <step title="Reloading status file with latest updates" date="2025-11-22T06:58:33.867" >
            <step title="WebHooksManager.PublishEventAsync: PostDeployment" date="2025-11-22T06:58:33.870" /><!-- duration: 77ms -->
          </step><!-- duration: 84ms -->
          <step title="Cleaning up temporary deployment - fetch deployment was successful" date="2025-11-22T06:58:33.961" /><!-- duration: 3ms -->
        </step><!-- duration: 52001ms -->
      </step><!-- duration: 53649ms -->
