<step title="BackgroundTrace" date="2025-11-24T18:05:20.639" instance="7d84ad" url="/api/zipdeploy" method="POST" >
  <step title="Creating temporary deployment - FetchDeploymentManager" date="2025-11-24T18:05:20.740" /><!-- duration: 9ms -->
  <step title="Creating temporary deployment" date="2025-11-24T18:05:20.759" /><!-- duration: 108ms -->
  <step title="Performing fetch based deployment" date="2025-11-24T18:05:20.969" >
    <step title="Cleaning up temp folders from previous zip deployments and extracting pushed zip file /tmp/zipdeploy/0b4cc362-cf58-4e1d-b618-4ffd134ef6ad.zip (0.03 MB) to /tmp/zipdeploy/extracted" date="2025-11-24T18:05:22.173" >
      <step title="ChmodRecursive Process exited with total time taken in ms: 66" date="2025-11-24T18:05:22.326" /><!-- duration: 39ms -->
    </step><!-- duration: 194ms -->
    <step title="Deployment timer started" date="2025-11-24T18:05:24.396" >
      <step title="DeploymentManager.Deploy(id:75b9d937-6297-440b-b808-f457da778610)" date="2025-11-24T18:05:24.400" >
        <step title="Collecting changeset information" date="2025-11-24T18:05:24.440" /><!-- duration: 100ms -->
        <step title="Updating submodules" date="2025-11-24T18:05:24.543" /><!-- duration: 1152ms -->
        <step title="Determining deployment builder" date="2025-11-24T18:05:25.960" >
          <step title="Builder is OryxBuilder" date="2025-11-24T18:05:25.981" /><!-- duration: 2ms -->
        </step><!-- duration: 25ms -->
        <step title="PreDeployment: context.CleanOutputPath False" date="2025-11-24T18:05:26.030" >
          <step title="PreDeployment: context.OutputPath /home/site/wwwroot" date="2025-11-24T18:05:26.145" >
            <step title="Building" date="2025-11-24T18:05:26.268" >
              <step title="Executing external process" date="2025-11-24T18:05:26.590" type="process" path="bash" arguments="-c &quot;oryx build /tmp/zipdeploy/extracted -o /home/site/wwwroot --platform python --platform-version 3.11 -p virtualenv_name=antenv --log-file /tmp/build-debug.log  -i /tmp/8de2b840b62e76f --compress-destination-dir | tee /tmp/oryx-build.log ; exit $PIPESTATUS &quot;" /><!-- duration: 48444ms -->
              <step title="Using PythonDeploymentLogParser" date="2025-11-24T18:06:15.349" /><!-- duration: 8ms -->
              <step title="Triggering recycle (preview mode disabled)." date="2025-11-24T18:06:16.830" /><!-- duration: 2ms -->
              <step title="Modified file to trigger a restart of the app container." date="2025-11-24T18:06:16.863" /><!-- duration: 2ms -->
              <step title="Skip function trigger and logicapp sync because function is not enabled." date="2025-11-24T18:06:16.868" /><!-- duration: 10ms -->
              <step title="Purge deployment items" date="2025-11-24T18:06:17.906" >
                <step title="Remove 9397cf5d-, Success, received at 11/24/2025 08:27:29" date="2025-11-24T18:06:17.961" /><!-- duration: 2ms -->
              </step><!-- duration: 59ms -->
            </step><!-- duration: 51756ms -->
          </step><!-- duration: 51882ms -->
          <step title="Cleaning up temp files" date="2025-11-24T18:06:18.028" /><!-- duration: 273ms -->
          <step title="Cleaning up temp files" date="2025-11-24T18:06:18.303" /><!-- duration: 509ms -->
          <step title="Reloading status file with latest updates" date="2025-11-24T18:06:18.830" >
            <step title="WebHooksManager.PublishEventAsync: PostDeployment" date="2025-11-24T18:06:18.832" /><!-- duration: 18ms -->
          </step><!-- duration: 22ms -->
          <step title="Cleaning up temporary deployment - fetch deployment was successful" date="2025-11-24T18:06:18.859" /><!-- duration: 2ms -->
        </step><!-- duration: 52903ms -->
      </step><!-- duration: 54544ms -->
