<step title="Incoming Request" date="2025-11-29T03:54:29.195" instance="c4a671" url="/api/zipdeploy?isAsync=true" method="POST" type="request" pid="768,1,16" Accept="*/*" Host="quotrading-flask-api.scm.azurewebsites.net" User-Agent="AZURECLI/2.80.0 (MSI)" Accept-Encoding="gzip, deflate" Authorization="Bea..." Cache-Control="no-cache" Content-Type="application/octet-stream" Content-Length="21396" x-ms-client-request-id="162743cb-ccd7-11f0-91ef-50bbb5629ee1" x-ms-artifact-checksum="c22bc8cc07eabec0a51c7d6de18dd008f8129c8e41d6b2ef40a3c1378b3fdc99" X-ARR-LOG-ID="162743cb-ccd7-11f0-91ef-50bbb5629ee1" CLIENT-IP="69.120.241.138:59489" X-SITE-DEPLOYMENT-ID="quotrading-flask-api" WAS-DEFAULT-HOSTNAME="quotrading-flask-api.scm.azurewebsites.net" X-Forwarded-Proto="https" X-AppService-Proto="https" X-Forwarded-TlsVersion="1.3" X-WAWS-Unencoded-URL="/api/zipdeploy?isAsync=true" X-Client-IP="69.120.241.138" X-Client-Port="59489" >
  <step title="ZipPushDeploy" date="2025-11-29T03:54:29.726" >
    <step title="ZipDeploy. Extract zip. Remote build." date="2025-11-29T03:54:29.735" /><!-- duration: 4ms -->
    <step title="None repository commit" date="2025-11-29T03:54:29.746" >
      <step title="Commit id: b518c5dd-39e9-4bdf-84e8-9db5bede710b" date="2025-11-29T03:54:29.749" Message="N/A" AuthorName="N/A" AuthorEmail="N/A" /><!-- duration: 3ms -->
    </step><!-- duration: 10ms -->
    <step title="Starting PushDeployAsync" date="2025-11-29T03:54:29.760" /><!-- duration: 3ms -->
    <step title="Writing artifact to /tmp/zipdeploy/ef9ad0fe-92a7-4725-a3eb-803e98e43d02.zip" date="2025-11-29T03:54:29.781" >
      <step title="Writing multipart request body to /tmp/zipdeploy/ef9ad0fe-92a7-4725-a3eb-803e98e43d02.zip" date="2025-11-29T03:54:29.785" /><!-- duration: 6ms -->
    </step><!-- duration: 46ms -->
    <step title="Removing previous build artifact&apos;s manifest file" date="2025-11-29T03:54:29.840" >
      <step title="Start deployment in the background" date="2025-11-29T03:54:29.865" >
        <step title="Acquiring Deployment Lock" date="2025-11-29T03:54:29.877" /><!-- duration: 8ms -->
        <step title="Acquired Deployment Lock" date="2025-11-29T03:54:29.932" /><!-- duration: 3ms -->
      </step><!-- duration: 142ms -->
    </step><!-- duration: 173ms -->
    <step title="Outgoing response" date="2025-11-29T03:54:30.033" type="response" statusCode="202" statusText="Accepted" /><!-- duration: 4ms -->
  </step><!-- duration: 316ms -->
