<step title="Incoming Request" date="2025-11-22T18:50:36.811" instance="7d84ad" url="/api/zipdeploy?isAsync=true" method="POST" type="request" pid="768,1,37" Accept="*/*" Host="quotrading-flask-api.scm.azurewebsites.net" User-Agent="AZURECLI/2.79.0 (MSI)" Accept-Encoding="gzip, deflate" Authorization="Bea..." Cache-Control="no-cache" Content-Type="application/octet-stream" Content-Length="69814" x-ms-client-request-id="193886ee-c7d4-11f0-be68-50bbb5629ee1" x-ms-artifact-checksum="e5bc8a6933ef778ae89192203e06f691e8bfc3ee28b7c050e7378a0833372005" X-ARR-LOG-ID="193886ee-c7d4-11f0-be68-50bbb5629ee1" CLIENT-IP="69.120.241.138:55745" X-SITE-DEPLOYMENT-ID="quotrading-flask-api" WAS-DEFAULT-HOSTNAME="quotrading-flask-api.scm.azurewebsites.net" X-Forwarded-Proto="https" X-AppService-Proto="https" X-Forwarded-TlsVersion="1.3" X-WAWS-Unencoded-URL="/api/zipdeploy?isAsync=true" X-Client-IP="69.120.241.138" X-Client-Port="55745" >
  <step title="Cleanup Xml Logs" date="2025-11-22T18:50:36.815" /><!-- duration: 6ms -->
  <step title="ZipPushDeploy" date="2025-11-22T18:50:36.888" >
    <step title="ZipDeploy. Extract zip. Remote build." date="2025-11-22T18:50:36.894" /><!-- duration: 2ms -->
    <step title="Starting PushDeployAsync" date="2025-11-22T18:50:36.899" /><!-- duration: 2ms -->
    <step title="Writing artifact to /tmp/zipdeploy/12dbb493-656d-4d6e-80bc-91a6661a68f3.zip" date="2025-11-22T18:50:36.909" >
      <step title="Writing multipart request body to /tmp/zipdeploy/12dbb493-656d-4d6e-80bc-91a6661a68f3.zip" date="2025-11-22T18:50:36.910" /><!-- duration: 6ms -->
    </step><!-- duration: 34ms -->
    <step title="Removing previous build artifact&apos;s manifest file" date="2025-11-22T18:50:36.949" >
      <step title="Start deployment in the background" date="2025-11-22T18:50:36.954" >
        <step title="Acquiring Deployment Lock" date="2025-11-22T18:50:36.965" /><!-- duration: 5ms -->
        <step title="Acquired Deployment Lock" date="2025-11-22T18:50:37.011" /><!-- duration: 2ms -->
      </step><!-- duration: 115ms -->
    </step><!-- duration: 129ms -->
    <step title="Outgoing response" date="2025-11-22T18:50:37.081" type="response" statusCode="202" statusText="Accepted" /><!-- duration: 2ms -->
  </step><!-- duration: 198ms -->
