<step title="Incoming Request" date="2025-11-24T08:20:03.769" instance="7d84ad" url="/api/deployments/latest" method="GET" type="request" pid="768,1,24" Accept="*/*" Host="quotrading-flask-api.scm.azurewebsites.net" User-Agent="AZURECLI/2.80.0 (MSI)" Accept-Encoding="gzip, deflate" Authorization="Bea..." x-ms-client-request-id="544a0b09-c90e-11f0-a433-50bbb5629ee1" X-ARR-LOG-ID="544a0b09-c90e-11f0-a433-50bbb5629ee1" CLIENT-IP="69.120.241.138:49271" X-SITE-DEPLOYMENT-ID="quotrading-flask-api" WAS-DEFAULT-HOSTNAME="quotrading-flask-api.scm.azurewebsites.net" X-Forwarded-Proto="https" X-AppService-Proto="https" X-Forwarded-TlsVersion="1.3" X-WAWS-Unencoded-URL="/api/deployments/latest" X-Client-IP="69.120.241.138" X-Client-Port="49271" >
  <step title="Cleanup Xml Logs" date="2025-11-24T08:20:03.779" >
    <step title="Cleanup Infos" date="2025-11-24T08:20:03.809" totalFiles="243" totalCleanup="83" /><!-- duration: 12ms -->
  </step><!-- duration: 61ms -->
  <step title="DeploymentService.GetResult" date="2025-11-24T08:20:03.871" >
    <step title="DeploymentService.GetLatestDeployment" date="2025-11-24T08:20:03.881" >
      <step title="DeploymentManager.GetResults" date="2025-11-24T08:20:03.911" /><!-- duration: 1365ms -->
    </step><!-- duration: 1406ms -->
  </step><!-- duration: 1417ms -->
  <step title="Outgoing response" date="2025-11-24T08:20:05.328" type="response" statusCode="202" statusText="Accepted" /><!-- duration: 10ms -->
</step><!-- duration: 1577ms -->
