<step title="Incoming Request" date="2025-11-22T18:10:22.325" instance="7d84ad" url="/api/publish?type=zip" method="POST" type="request" pid="768,1,21" Accept="*/*" Host="quotrading-flask-api.scm.azurewebsites.net" User-Agent="AZURECLI/2.79.0 (MSI)" Accept-Encoding="gzip, deflate" Authorization="Bea..." Cache-Control="no-cache" Content-Type="application/octet-stream" Cookie="ARRAffinity=7d84ad198c6f807fbfa2076d1e286d2bb239ec2b3ab1f48a5008aac89bd50ca3; ARRAffinitySameSite=7d84ad198c6f807fbfa2076d1e286d2bb239ec2b3ab1f48a5008aac89bd50ca3" Content-Length="16534" x-ms-client-request-id="7b8a03bb-c7ce-11f0-8bcb-50bbb5629ee1" x-ms-artifact-checksum="bfdfb62f78431f780bd8f6ec85cf66db49a674dc1d82e1eeafa1c2ebc66b23ba" X-ARR-LOG-ID="7b8a03bb-c7ce-11f0-8bcb-50bbb5629ee1" CLIENT-IP="69.120.241.138:57780" X-SITE-DEPLOYMENT-ID="quotrading-flask-api" WAS-DEFAULT-HOSTNAME="quotrading-flask-api.scm.azurewebsites.net" X-Forwarded-Proto="https" X-AppService-Proto="https" X-Forwarded-TlsVersion="1.3" X-WAWS-Unencoded-URL="/api/publish?type=zip" X-Client-IP="69.120.241.138" X-Client-Port="57780" >
  <step title="OneDeploy" date="2025-11-22T18:10:22.335" >
    <step title="Starting PushDeployAsync" date="2025-11-22T18:10:22.338" /><!-- duration: 2ms -->
    <step title="Writing artifact to /tmp/zipdeploy/538f5cd5-9806-40d6-a55b-b21538daddef.zip" date="2025-11-22T18:10:22.347" >
      <step title="Writing multipart request body to /tmp/zipdeploy/538f5cd5-9806-40d6-a55b-b21538daddef.zip" date="2025-11-22T18:10:22.349" /><!-- duration: 7ms -->
    </step><!-- duration: 47ms -->
    <step title="Removing previous build artifact&apos;s manifest file" date="2025-11-22T18:10:22.397" >
      <step title="Attempting to fetch target branch HEAD" date="2025-11-22T18:10:22.406" /><!-- duration: 2ms -->
      <step title="Acquiring Deployment Lock" date="2025-11-22T18:10:22.410" /><!-- duration: 5ms -->
      <step title="Acquired Deployment Lock" date="2025-11-22T18:10:22.433" /><!-- duration: 2ms -->
      <step title="Performing fetch based deployment" date="2025-11-22T18:10:22.438" >
        <step title="Creating temporary deployment" date="2025-11-22T18:10:22.440" /><!-- duration: 51ms -->
        <step title="Releasing Deployment Lock" date="2025-11-22T18:10:23.607" /><!-- duration: 4ms -->
        <step title="Cleaning up temp folders from previous zip deployments and extracting pushed zip file /tmp/zipdeploy/538f5cd5-9806-40d6-a55b-b21538daddef.zip (0.02 MB) to /tmp/zipdeploy/extracted" date="2025-11-22T18:10:23.637" >
          <step title="ChmodRecursive Process exited with total time taken in ms: 70" date="2025-11-22T18:10:23.718" /><!-- duration: 2ms -->
        </step><!-- duration: 89ms -->
        <step title="None repository commit" date="2025-11-22T18:10:23.736" >
          <step title="Commit id: a0f2993b-7fe9-4f5c-98b9-38d9e65d8676" date="2025-11-22T18:10:23.738" Message="OneDeploy" AuthorName="N/A" AuthorEmail="N/A" /><!-- duration: 2ms -->
        </step><!-- duration: 5ms -->
        <step title="Deployment timer started" date="2025-11-22T18:10:25.745" >
          <step title="DeploymentManager.Deploy(id:a0f2993b-7fe9-4f5c-98b9-38d9e65d8676)" date="2025-11-22T18:10:25.748" >
            <step title="Collecting changeset information" date="2025-11-22T18:10:25.762" /><!-- duration: 70ms -->
            <step title="Updating submodules" date="2025-11-22T18:10:25.835" /><!-- duration: 1138ms -->
            <step title="Determining deployment builder" date="2025-11-22T18:10:27.214" >
              <step title="Builder is OryxBuilder" date="2025-11-22T18:10:27.263" /><!-- duration: 2ms -->
            </step><!-- duration: 59ms -->
            <step title="PreDeployment: context.CleanOutputPath False" date="2025-11-22T18:10:27.319" >
              <step title="PreDeployment: context.OutputPath /home/site/wwwroot" date="2025-11-22T18:10:27.447" >
                <step title="Building" date="2025-11-22T18:10:27.597" >
                  <step title="Executing external process" date="2025-11-22T18:10:27.958" type="process" path="bash" arguments="-c &quot;oryx build /tmp/zipdeploy/extracted -o /home/site/wwwroot --platform python --platform-version 3.11 -p virtualenv_name=antenv --log-file /tmp/build-debug.log  -i /tmp/8de29f26a2813bb --compress-destination-dir | tee /tmp/oryx-build.log ; exit $PIPESTATUS &quot;" /><!-- duration: 43322ms -->
                  <step title="Using PythonDeploymentLogParser" date="2025-11-22T18:11:11.640" /><!-- duration: 2ms -->
                  <step title="Modified file to trigger a restart of the app container." date="2025-11-22T18:11:12.698" /><!-- duration: 8ms -->
                  <step title="Skip function trigger and logicapp sync because function is not enabled." date="2025-11-22T18:11:12.709" /><!-- duration: 9ms -->
                  <step title="Purge deployment items" date="2025-11-22T18:11:13.732" >
                    <step title="Remove 6adb7fc8-, Success, received at 11/22/2025 08:33:40" date="2025-11-22T18:11:13.777" /><!-- duration: 2ms -->
                  </step><!-- duration: 49ms -->
                </step><!-- duration: 46245ms -->
              </step><!-- duration: 46399ms -->
              <step title="Cleaning up temp files" date="2025-11-22T18:11:13.848" /><!-- duration: 309ms -->
              <step title="Cleaning up temp files" date="2025-11-22T18:11:14.159" /><!-- duration: 509ms -->
              <step title="Reloading status file with latest updates" date="2025-11-22T18:11:14.712" >
                <step title="WebHooksManager.PublishEventAsync: PostDeployment" date="2025-11-22T18:11:14.715" /><!-- duration: 28ms -->
              </step><!-- duration: 33ms -->
              <step title="Cleaning up temporary deployment - fetch deployment was successful" date="2025-11-22T18:11:14.749" /><!-- duration: 2ms -->
            </step><!-- duration: 47498ms -->
          </step><!-- duration: 49077ms -->
          <step title="Outgoing response" date="2025-11-22T18:11:14.830" type="response" statusCode="200" statusText="OK" /><!-- duration: 2ms -->
        </step><!-- duration: 49091ms -->
