<step title="BackgroundTrace" date="2025-11-22T19:20:40.180" instance="7d84ad" url="/api/zipdeploy" method="POST" >
  <step title="Creating temporary deployment - FetchDeploymentManager" date="2025-11-22T19:20:40.230" /><!-- duration: 2ms -->
  <step title="Creating temporary deployment" date="2025-11-22T19:20:40.235" /><!-- duration: 43ms -->
  <step title="Performing fetch based deployment" date="2025-11-22T19:20:40.311" >
    <step title="Cleaning up temp folders from previous zip deployments and extracting pushed zip file /tmp/zipdeploy/9819db7f-072b-4efb-980f-b88ac95e2afc.zip (0.07 MB) to /tmp/zipdeploy/extracted" date="2025-11-22T19:20:41.434" >
      <step title="ChmodRecursive Process exited with total time taken in ms: 61" date="2025-11-22T19:20:41.594" /><!-- duration: 24ms -->
    </step><!-- duration: 187ms -->
    <step title="Deployment timer started" date="2025-11-22T19:20:43.626" >
      <step title="DeploymentManager.Deploy(id:3689ecd6-273f-488e-84be-8c8e88bf5bc6)" date="2025-11-22T19:20:43.631" >
        <step title="Collecting changeset information" date="2025-11-22T19:20:43.670" /><!-- duration: 78ms -->
        <step title="Updating submodules" date="2025-11-22T19:20:43.751" /><!-- duration: 1149ms -->
        <step title="Determining deployment builder" date="2025-11-22T19:20:45.103" >
          <step title="Builder is OryxBuilder" date="2025-11-22T19:20:45.110" /><!-- duration: 2ms -->
        </step><!-- duration: 17ms -->
        <step title="PreDeployment: context.CleanOutputPath False" date="2025-11-22T19:20:45.170" >
          <step title="PreDeployment: context.OutputPath /home/site/wwwroot" date="2025-11-22T19:20:45.298" >
            <step title="Building" date="2025-11-22T19:20:45.438" >
              <step title="Executing external process" date="2025-11-22T19:20:45.757" type="process" path="bash" arguments="-c &quot;oryx build /tmp/zipdeploy/extracted -o /home/site/wwwroot --platform python --platform-version 3.11 -p virtualenv_name=antenv --log-file /tmp/build-debug.log  -i /tmp/8de29fc3c2d9408 --compress-destination-dir | tee /tmp/oryx-build.log ; exit $PIPESTATUS &quot;" /><!-- duration: 44564ms -->
              <step title="Using PythonDeploymentLogParser" date="2025-11-22T19:21:30.630" /><!-- duration: 2ms -->
              <step title="Triggering recycle (preview mode disabled)." date="2025-11-22T19:21:31.721" /><!-- duration: 8ms -->
              <step title="Modified file to trigger a restart of the app container." date="2025-11-22T19:21:31.757" /><!-- duration: 1ms -->
              <step title="Skip function trigger and logicapp sync because function is not enabled." date="2025-11-22T19:21:31.760" /><!-- duration: 2ms -->
              <step title="Purge deployment items" date="2025-11-22T19:21:32.812" >
                <step title="Remove bd6b4033-, Success, received at 11/22/2025 09:53:07" date="2025-11-22T19:21:32.859" /><!-- duration: 2ms -->
              </step><!-- duration: 51ms -->
            </step><!-- duration: 47513ms -->
          </step><!-- duration: 47663ms -->
          <step title="Cleaning up temp files" date="2025-11-22T19:21:32.971" /><!-- duration: 671ms -->
          <step title="Cleaning up temp files" date="2025-11-22T19:21:33.652" /><!-- duration: 511ms -->
          <step title="Reloading status file with latest updates" date="2025-11-22T19:21:34.232" >
            <step title="WebHooksManager.PublishEventAsync: PostDeployment" date="2025-11-22T19:21:34.302" /><!-- duration: 190ms -->
          </step><!-- duration: 262ms -->
          <step title="Cleaning up temporary deployment - fetch deployment was successful" date="2025-11-22T19:21:34.542" /><!-- duration: 21ms -->
        </step><!-- duration: 49523ms -->
      </step><!-- duration: 51103ms -->
