<step title="BackgroundTrace" date="2025-11-24T03:54:13.493" instance="e853b0" url="/api/zipdeploy" method="POST" >
  <step title="Creating temporary deployment - FetchDeploymentManager" date="2025-11-24T03:54:13.593" /><!-- duration: 1ms -->
  <step title="Creating temporary deployment" date="2025-11-24T03:54:13.597" /><!-- duration: 61ms -->
  <step title="Performing fetch based deployment" date="2025-11-24T03:54:13.709" >
    <step title="Cleaning up temp folders from previous zip deployments and extracting pushed zip file /tmp/zipdeploy/2a8ada71-fc06-46fb-8649-6897abc6f246.zip (0.15 MB) to /tmp/zipdeploy/extracted" date="2025-11-24T03:54:14.848" >
      <step title="ChmodRecursive Process exited with total time taken in ms: 173" date="2025-11-24T03:54:15.106" /><!-- duration: 7ms -->
    </step><!-- duration: 282ms -->
    <step title="Deployment timer started" date="2025-11-24T03:54:17.159" >
      <step title="DeploymentManager.Deploy(id:a0e4b66f-48d0-42aa-91dc-adbc46626712)" date="2025-11-24T03:54:17.184" >
        <step title="Collecting changeset information" date="2025-11-24T03:54:17.191" /><!-- duration: 125ms -->
        <step title="Updating submodules" date="2025-11-24T03:54:17.319" /><!-- duration: 1150ms -->
        <step title="Determining deployment builder" date="2025-11-24T03:54:18.773" >
          <step title="Builder is OryxBuilder" date="2025-11-24T03:54:18.779" /><!-- duration: 2ms -->
        </step><!-- duration: 10ms -->
        <step title="PreDeployment: context.CleanOutputPath False" date="2025-11-24T03:54:18.836" >
          <step title="PreDeployment: context.OutputPath /home/site/wwwroot" date="2025-11-24T03:54:18.984" >
            <step title="Building" date="2025-11-24T03:54:19.135" >
              <step title="Executing external process" date="2025-11-24T03:54:19.389" type="process" path="bash" arguments="-c &quot;oryx build /tmp/zipdeploy/extracted -o /home/site/wwwroot --platform python --platform-version 3.11 -p virtualenv_name=antenv --log-file /tmp/build-debug.log  -i /tmp/8de2b0d24f5f358 --compress-destination-dir | tee /tmp/oryx-build.log ; exit $PIPESTATUS &quot;" /><!-- duration: 59609ms -->
              <step title="Using PythonDeploymentLogParser" date="2025-11-24T03:55:19.419" /><!-- duration: 10ms -->
              <step title="Triggering recycle (preview mode disabled)." date="2025-11-24T03:55:20.418" /><!-- duration: 4ms -->
              <step title="Modified file to trigger a restart of the app container." date="2025-11-24T03:55:20.471" /><!-- duration: 9ms -->
              <step title="Skip function trigger and logicapp sync because function is not enabled." date="2025-11-24T03:55:20.560" /><!-- duration: 2ms -->
            </step><!-- duration: 62116ms -->
          </step><!-- duration: 62270ms -->
          <step title="Cleaning up temp files" date="2025-11-24T03:55:21.255" /><!-- duration: 174ms -->
          <step title="Cleaning up temp files" date="2025-11-24T03:55:21.437" /><!-- duration: 505ms -->
          <step title="Reloading status file with latest updates" date="2025-11-24T03:55:21.984" >
            <step title="WebHooksManager.PublishEventAsync: PostDeployment" date="2025-11-24T03:55:21.987" /><!-- duration: 103ms -->
          </step><!-- duration: 108ms -->
          <step title="Cleaning up temporary deployment - fetch deployment was successful" date="2025-11-24T03:55:22.283" /><!-- duration: 2ms -->
        </step><!-- duration: 63493ms -->
      </step><!-- duration: 65154ms -->
