<step title="Incoming Request" date="2025-11-29T03:54:35.916" instance="c4a671" url="/api/deployments/latest" method="GET" type="request" pid="768,1,20" Accept="*/*" Host="quotrading-flask-api.scm.azurewebsites.net" User-Agent="AZURECLI/2.80.0 (MSI)" Accept-Encoding="gzip, deflate" Authorization="Bea..." x-ms-client-request-id="162743cb-ccd7-11f0-91ef-50bbb5629ee1" X-ARR-LOG-ID="162743cb-ccd7-11f0-91ef-50bbb5629ee1" CLIENT-IP="69.120.241.138:59494" X-SITE-DEPLOYMENT-ID="quotrading-flask-api" WAS-DEFAULT-HOSTNAME="quotrading-flask-api.scm.azurewebsites.net" X-Forwarded-Proto="https" X-AppService-Proto="https" X-Forwarded-TlsVersion="1.3" X-WAWS-Unencoded-URL="/api/deployments/latest" X-Client-IP="69.120.241.138" X-Client-Port="59494" >
  <step title="Cleanup Xml Logs" date="2025-11-29T03:54:35.921" >
    <step title="Cleanup Infos" date="2025-11-29T03:54:35.933" totalFiles="470" totalCleanup="310" /><!-- duration: 8ms -->
  </step><!-- duration: 24ms -->
  <step title="DeploymentService.GetResult" date="2025-11-29T03:54:35.992" >
    <step title="DeploymentService.GetLatestDeployment" date="2025-11-29T03:54:36.000" >
      <step title="DeploymentManager.GetResults" date="2025-11-29T03:54:36.010" /><!-- duration: 804ms -->
    </step><!-- duration: 824ms -->
  </step><!-- duration: 840ms -->
  <step title="Outgoing response" date="2025-11-29T03:54:36.907" type="response" statusCode="202" statusText="Accepted" /><!-- duration: 3ms -->
</step><!-- duration: 998ms -->
