<step title="Incoming Request" date="2025-11-24T11:17:56.808" instance="7d84ad" url="/api/deployments/latest" method="GET" type="request" pid="768,1,31" Accept="*/*" Host="quotrading-flask-api.scm.azurewebsites.net" User-Agent="AZURECLI/2.80.0 (MSI)" Accept-Encoding="gzip, deflate" Authorization="Bea..." x-ms-client-request-id="2df3c5dc-c927-11f0-a2f9-50bbb5629ee1" X-ARR-LOG-ID="2df3c5dc-c927-11f0-a2f9-50bbb5629ee1" CLIENT-IP="69.120.241.138:57788" X-SITE-DEPLOYMENT-ID="quotrading-flask-api" WAS-DEFAULT-HOSTNAME="quotrading-flask-api.scm.azurewebsites.net" X-Forwarded-Proto="https" X-AppService-Proto="https" X-Forwarded-TlsVersion="1.3" X-WAWS-Unencoded-URL="/api/deployments/latest" X-Client-IP="69.120.241.138" X-Client-Port="57788" >
  <step title="Cleanup Xml Logs" date="2025-11-24T11:17:56.817" >
    <step title="Cleanup Infos" date="2025-11-24T11:17:56.876" totalFiles="304" totalCleanup="144" /><!-- duration: 22ms -->
  </step><!-- duration: 91ms -->
  <step title="DeploymentService.GetResult" date="2025-11-24T11:17:56.987" >
    <step title="DeploymentService.GetLatestDeployment" date="2025-11-24T11:17:56.995" >
      <step title="DeploymentManager.GetResults" date="2025-11-24T11:17:56.998" /><!-- duration: 1189ms -->
    </step><!-- duration: 1204ms -->
  </step><!-- duration: 1229ms -->
  <step title="Outgoing response" date="2025-11-24T11:17:58.275" type="response" statusCode="202" statusText="Accepted" /><!-- duration: 20ms -->
</step><!-- duration: 1498ms -->
