<step title="BackgroundTrace" date="2025-11-24T18:53:34.226" instance="7d84ad" url="/api/zipdeploy" method="POST" >
  <step title="Creating temporary deployment - FetchDeploymentManager" date="2025-11-24T18:53:34.278" /><!-- duration: 1ms -->
  <step title="Creating temporary deployment" date="2025-11-24T18:53:34.283" /><!-- duration: 57ms -->
  <step title="Performing fetch based deployment" date="2025-11-24T18:53:34.360" >
    <step title="Cleaning up temp folders from previous zip deployments and extracting pushed zip file /tmp/zipdeploy/092e0038-9428-4c9a-9bd2-f51ddc488d47.zip (0.03 MB) to /tmp/zipdeploy/extracted" date="2025-11-24T18:53:35.528" >
      <step title="ChmodRecursive Process exited with total time taken in ms: 111" date="2025-11-24T18:53:35.698" /><!-- duration: 9ms -->
    </step><!-- duration: 189ms -->
    <step title="Deployment timer started" date="2025-11-24T18:53:37.748" >
      <step title="DeploymentManager.Deploy(id:037b3f8f-f34b-4bd9-a352-2b57edd07590)" date="2025-11-24T18:53:37.752" >
        <step title="Collecting changeset information" date="2025-11-24T18:53:37.788" /><!-- duration: 86ms -->
        <step title="Updating submodules" date="2025-11-24T18:53:37.891" /><!-- duration: 1125ms -->
        <step title="Determining deployment builder" date="2025-11-24T18:53:39.243" >
          <step title="Builder is OryxBuilder" date="2025-11-24T18:53:39.256" /><!-- duration: 4ms -->
        </step><!-- duration: 23ms -->
        <step title="PreDeployment: context.CleanOutputPath False" date="2025-11-24T18:53:39.319" >
          <step title="PreDeployment: context.OutputPath /home/site/wwwroot" date="2025-11-24T18:53:39.441" >
            <step title="Building" date="2025-11-24T18:53:39.600" >
              <step title="Executing external process" date="2025-11-24T18:53:39.875" type="process" path="bash" arguments="-c &quot;oryx build /tmp/zipdeploy/extracted -o /home/site/wwwroot --platform python --platform-version 3.11 -p virtualenv_name=antenv --log-file /tmp/build-debug.log  -i /tmp/8de2b8ac7ea5274 --compress-destination-dir | tee /tmp/oryx-build.log ; exit $PIPESTATUS &quot;" /><!-- duration: 72308ms -->
              <step title="Using PythonDeploymentLogParser" date="2025-11-24T18:54:52.631" /><!-- duration: 12ms -->
              <step title="Triggering recycle (preview mode disabled)." date="2025-11-24T18:54:53.648" /><!-- duration: 5ms -->
              <step title="Modified file to trigger a restart of the app container." date="2025-11-24T18:54:53.683" /><!-- duration: 2ms -->
              <step title="Skip function trigger and logicapp sync because function is not enabled." date="2025-11-24T18:54:53.687" /><!-- duration: 5ms -->
              <step title="Purge deployment items" date="2025-11-24T18:54:54.889" >
                <step title="Remove 8844cf60-, Success, received at 11/24/2025 11:11:05" date="2025-11-24T18:54:54.968" /><!-- duration: 10ms -->
              </step><!-- duration: 99ms -->
            </step><!-- duration: 75487ms -->
          </step><!-- duration: 75656ms -->
          <step title="Cleaning up temp files" date="2025-11-24T18:54:55.099" /><!-- duration: 1044ms -->
          <step title="Cleaning up temp files" date="2025-11-24T18:54:56.161" /><!-- duration: 521ms -->
          <step title="Reloading status file with latest updates" date="2025-11-24T18:54:56.701" >
            <step title="WebHooksManager.PublishEventAsync: PostDeployment" date="2025-11-24T18:54:56.704" /><!-- duration: 31ms -->
          </step><!-- duration: 36ms -->
          <step title="Cleaning up temporary deployment - fetch deployment was successful" date="2025-11-24T18:54:56.740" /><!-- duration: 2ms -->
        </step><!-- duration: 77461ms -->
      </step><!-- duration: 79038ms -->
