<step title="BackgroundTrace" date="2025-11-26T15:17:35.072" instance="c4a671" url="/api/zipdeploy" method="POST" >
  <step title="Creating temporary deployment - FetchDeploymentManager" date="2025-11-26T15:17:35.128" /><!-- duration: 3ms -->
  <step title="Creating temporary deployment" date="2025-11-26T15:17:35.135" /><!-- duration: 55ms -->
  <step title="Performing fetch based deployment" date="2025-11-26T15:17:35.218" >
    <step title="Cleaning up temp folders from previous zip deployments and extracting pushed zip file /tmp/zipdeploy/0597daa7-85c3-4a47-9914-09ed1edf3a4e.zip (0.02 MB) to /tmp/zipdeploy/extracted" date="2025-11-26T15:17:36.367" >
      <step title="ChmodRecursive Process exited with total time taken in ms: 31" date="2025-11-26T15:17:36.425" /><!-- duration: 7ms -->
    </step><!-- duration: 69ms -->
    <step title="Deployment timer started" date="2025-11-26T15:17:38.447" >
      <step title="DeploymentManager.Deploy(id:9bd58b82-9119-4451-b686-d530f3fc9c3a)" date="2025-11-26T15:17:38.453" >
        <step title="Collecting changeset information" date="2025-11-26T15:17:38.462" /><!-- duration: 71ms -->
        <step title="Updating submodules" date="2025-11-26T15:17:38.539" /><!-- duration: 1126ms -->
        <step title="Determining deployment builder" date="2025-11-26T15:17:39.901" >
          <step title="Builder is OryxBuilder" date="2025-11-26T15:17:39.914" /><!-- duration: 3ms -->
        </step><!-- duration: 21ms -->
        <step title="PreDeployment: context.CleanOutputPath False" date="2025-11-26T15:17:39.974" >
          <step title="PreDeployment: context.OutputPath /home/site/wwwroot" date="2025-11-26T15:17:40.175" >
            <step title="Building" date="2025-11-26T15:17:40.300" >
              <step title="Executing external process" date="2025-11-26T15:17:40.622" type="process" path="bash" arguments="-c &quot;oryx build /tmp/zipdeploy/extracted -o /home/site/wwwroot --platform python --platform-version 3.11 -p virtualenv_name=antenv --log-file /tmp/build-debug.log  -i /tmp/8de2cfef05ef199 --compress-destination-dir | tee /tmp/oryx-build.log ; exit $PIPESTATUS &quot;" /><!-- duration: 55851ms -->
              <step title="Using PythonDeploymentLogParser" date="2025-11-26T15:18:36.836" /><!-- duration: 3ms -->
              <step title="Triggering recycle (preview mode disabled)." date="2025-11-26T15:18:38.032" /><!-- duration: 8ms -->
              <step title="Modified file to trigger a restart of the app container." date="2025-11-26T15:18:38.094" /><!-- duration: 3ms -->
              <step title="Skip function trigger and logicapp sync because function is not enabled." date="2025-11-26T15:18:38.099" /><!-- duration: 3ms -->
              <step title="Purge deployment items" date="2025-11-26T15:18:39.317" >
                <step title="Remove 5ea0363e-, Success, received at 11/24/2025 18:16:17" date="2025-11-26T15:18:39.383" /><!-- duration: 4ms -->
              </step><!-- duration: 82ms -->
            </step><!-- duration: 59175ms -->
          </step><!-- duration: 59308ms -->
          <step title="Cleaning up temp files" date="2025-11-26T15:18:39.487" /><!-- duration: 562ms -->
          <step title="Cleaning up temp files" date="2025-11-26T15:18:40.057" /><!-- duration: 505ms -->
          <step title="Reloading status file with latest updates" date="2025-11-26T15:18:40.591" >
            <step title="WebHooksManager.PublishEventAsync: PostDeployment" date="2025-11-26T15:18:40.595" /><!-- duration: 29ms -->
          </step><!-- duration: 37ms -->
          <step title="Cleaning up temporary deployment - fetch deployment was successful" date="2025-11-26T15:18:40.634" /><!-- duration: 3ms -->
        </step><!-- duration: 60710ms -->
      </step><!-- duration: 62247ms -->
