<step title="Incoming Request" date="2025-11-26T15:17:41.371" instance="c4a671" url="/api/deployments/latest" method="GET" type="request" pid="768,1,40" Accept="*/*" Host="quotrading-flask-api.scm.azurewebsites.net" User-Agent="AZURECLI/2.80.0 (MSI)" Accept-Encoding="gzip, deflate" Authorization="Bea..." x-ms-client-request-id="fc501a93-cada-11f0-a137-50bbb5629ee1" X-ARR-LOG-ID="fc501a93-cada-11f0-a137-50bbb5629ee1" CLIENT-IP="69.120.241.138:57607" X-SITE-DEPLOYMENT-ID="quotrading-flask-api" WAS-DEFAULT-HOSTNAME="quotrading-flask-api.scm.azurewebsites.net" X-Forwarded-Proto="https" X-AppService-Proto="https" X-Forwarded-TlsVersion="1.3" X-WAWS-Unencoded-URL="/api/deployments/latest" X-Client-IP="69.120.241.138" X-Client-Port="57607" >
  <step title="Cleanup Xml Logs" date="2025-11-26T15:17:41.376" >
    <step title="Cleanup Infos" date="2025-11-26T15:17:41.394" totalFiles="461" totalCleanup="301" /><!-- duration: 5ms -->
  </step><!-- duration: 26ms -->
  <step title="DeploymentService.GetResult" date="2025-11-26T15:17:41.410" >
    <step title="DeploymentService.GetLatestDeployment" date="2025-11-26T15:17:41.416" >
      <step title="DeploymentManager.GetResults" date="2025-11-26T15:17:41.423" /><!-- duration: 772ms -->
    </step><!-- duration: 795ms -->
  </step><!-- duration: 815ms -->
  <step title="Outgoing response" date="2025-11-26T15:17:42.252" type="response" statusCode="202" statusText="Accepted" /><!-- duration: 8ms -->
</step><!-- duration: 909ms -->
