<step title="BackgroundTrace" date="2025-11-22T18:50:36.956" instance="7d84ad" url="/api/zipdeploy" method="POST" >
  <step title="Creating temporary deployment - FetchDeploymentManager" date="2025-11-22T18:50:37.014" /><!-- duration: 1ms -->
  <step title="Creating temporary deployment" date="2025-11-22T18:50:37.018" /><!-- duration: 50ms -->
  <step title="Performing fetch based deployment" date="2025-11-22T18:50:37.091" >
    <step title="Cleaning up temp folders from previous zip deployments and extracting pushed zip file /tmp/zipdeploy/12dbb493-656d-4d6e-80bc-91a6661a68f3.zip (0.07 MB) to /tmp/zipdeploy/extracted" date="2025-11-22T18:50:38.252" >
      <step title="ChmodRecursive Process exited with total time taken in ms: 59" date="2025-11-22T18:50:38.359" /><!-- duration: 2ms -->
    </step><!-- duration: 112ms -->
    <step title="Deployment timer started" date="2025-11-22T18:50:40.380" >
      <step title="DeploymentManager.Deploy(id:4be81e90-ea08-4870-9314-e4c4bd5f9489)" date="2025-11-22T18:50:40.385" >
        <step title="Collecting changeset information" date="2025-11-22T18:50:40.392" /><!-- duration: 70ms -->
        <step title="Updating submodules" date="2025-11-22T18:50:40.464" /><!-- duration: 1184ms -->
        <step title="Determining deployment builder" date="2025-11-22T18:50:41.863" >
          <step title="Builder is OryxBuilder" date="2025-11-22T18:50:41.870" /><!-- duration: 10ms -->
        </step><!-- duration: 19ms -->
        <step title="PreDeployment: context.CleanOutputPath False" date="2025-11-22T18:50:41.935" >
          <step title="PreDeployment: context.OutputPath /home/site/wwwroot" date="2025-11-22T18:50:42.052" >
            <step title="Building" date="2025-11-22T18:50:42.196" >
              <step title="Executing external process" date="2025-11-22T18:50:42.451" type="process" path="bash" arguments="-c &quot;oryx build /tmp/zipdeploy/extracted -o /home/site/wwwroot --platform python --platform-version 3.11 -p virtualenv_name=antenv --log-file /tmp/build-debug.log  -i /tmp/8de29f8095cdf29 --compress-destination-dir | tee /tmp/oryx-build.log ; exit $PIPESTATUS &quot;" /><!-- duration: 44659ms -->
              <step title="Using PythonDeploymentLogParser" date="2025-11-22T18:51:27.412" /><!-- duration: 10ms -->
              <step title="Triggering recycle (preview mode disabled)." date="2025-11-22T18:51:28.521" /><!-- duration: 4ms -->
              <step title="Modified file to trigger a restart of the app container." date="2025-11-22T18:51:28.566" /><!-- duration: 2ms -->
              <step title="Skip function trigger and logicapp sync because function is not enabled." date="2025-11-22T18:51:28.574" /><!-- duration: 2ms -->
              <step title="Purge deployment items" date="2025-11-22T18:51:29.566" >
                <step title="Remove d02f5b82-, Success, received at 11/22/2025 08:50:27" date="2025-11-22T18:51:29.611" /><!-- duration: 2ms -->
              </step><!-- duration: 49ms -->
            </step><!-- duration: 47500ms -->
          </step><!-- duration: 47648ms -->
          <step title="Cleaning up temp files" date="2025-11-22T18:51:29.702" /><!-- duration: 273ms -->
          <step title="Cleaning up temp files" date="2025-11-22T18:51:29.984" /><!-- duration: 508ms -->
          <step title="Reloading status file with latest updates" date="2025-11-22T18:51:30.530" >
            <step title="WebHooksManager.PublishEventAsync: PostDeployment" date="2025-11-22T18:51:30.533" /><!-- duration: 31ms -->
          </step><!-- duration: 37ms -->
          <step title="Cleaning up temporary deployment - fetch deployment was successful" date="2025-11-22T18:51:30.571" /><!-- duration: 2ms -->
        </step><!-- duration: 48695ms -->
      </step><!-- duration: 50254ms -->
