<step title="BackgroundTrace" date="2025-11-26T15:08:57.984" instance="c4a671" url="/api/zipdeploy" method="POST" >
  <step title="Creating temporary deployment - FetchDeploymentManager" date="2025-11-26T15:08:58.053" /><!-- duration: 2ms -->
  <step title="Creating temporary deployment" date="2025-11-26T15:08:58.059" /><!-- duration: 56ms -->
  <step title="Performing fetch based deployment" date="2025-11-26T15:08:58.140" >
    <step title="Cleaning up temp folders from previous zip deployments and extracting pushed zip file /tmp/zipdeploy/7327648a-772b-4098-b4d8-de31618feea9.zip (0.02 MB) to /tmp/zipdeploy/extracted" date="2025-11-26T15:08:59.342" >
      <step title="ChmodRecursive Process exited with total time taken in ms: 46" date="2025-11-26T15:08:59.437" /><!-- duration: 4ms -->
    </step><!-- duration: 102ms -->
    <step title="Deployment timer started" date="2025-11-26T15:09:01.457" >
      <step title="DeploymentManager.Deploy(id:967d3333-2e9d-4ab0-a78a-e0640c688f93)" date="2025-11-26T15:09:01.475" >
        <step title="Collecting changeset information" date="2025-11-26T15:09:01.509" /><!-- duration: 220ms -->
        <step title="Updating submodules" date="2025-11-26T15:09:01.734" /><!-- duration: 1154ms -->
        <step title="Determining deployment builder" date="2025-11-26T15:09:03.106" >
          <step title="Builder is OryxBuilder" date="2025-11-26T15:09:03.115" /><!-- duration: 3ms -->
        </step><!-- duration: 18ms -->
        <step title="PreDeployment: context.CleanOutputPath False" date="2025-11-26T15:09:03.181" >
          <step title="PreDeployment: context.OutputPath /home/site/wwwroot" date="2025-11-26T15:09:03.314" >
            <step title="Building" date="2025-11-26T15:09:03.461" >
              <step title="Executing external process" date="2025-11-26T15:09:03.804" type="process" path="bash" arguments="-c &quot;oryx build /tmp/zipdeploy/extracted -o /home/site/wwwroot --platform python --platform-version 3.11 -p virtualenv_name=antenv --log-file /tmp/build-debug.log  -i /tmp/8de2cfdbc55cb9c --compress-destination-dir | tee /tmp/oryx-build.log ; exit $PIPESTATUS &quot;" /><!-- duration: 55571ms -->
              <step title="Using PythonDeploymentLogParser" date="2025-11-26T15:09:59.832" /><!-- duration: 4ms -->
              <step title="Triggering recycle (preview mode disabled)." date="2025-11-26T15:10:00.956" /><!-- duration: 4ms -->
              <step title="Modified file to trigger a restart of the app container." date="2025-11-26T15:10:00.992" /><!-- duration: 3ms -->
              <step title="Skip function trigger and logicapp sync because function is not enabled." date="2025-11-26T15:10:01.000" /><!-- duration: 3ms -->
              <step title="Purge deployment items" date="2025-11-26T15:10:02.370" >
                <step title="Remove 75b9d937-, Success, received at 11/24/2025 18:05:24" date="2025-11-26T15:10:02.475" /><!-- duration: 3ms -->
              </step><!-- duration: 116ms -->
            </step><!-- duration: 59121ms -->
          </step><!-- duration: 59279ms -->
          <step title="Cleaning up temp files" date="2025-11-26T15:10:02.601" /><!-- duration: 759ms -->
          <step title="Cleaning up temp files" date="2025-11-26T15:10:03.363" /><!-- duration: 509ms -->
          <step title="Reloading status file with latest updates" date="2025-11-26T15:10:03.899" >
            <step title="WebHooksManager.PublishEventAsync: PostDeployment" date="2025-11-26T15:10:03.903" /><!-- duration: 36ms -->
          </step><!-- duration: 42ms -->
          <step title="Cleaning up temporary deployment - fetch deployment was successful" date="2025-11-26T15:10:03.947" /><!-- duration: 3ms -->
        </step><!-- duration: 60811ms -->
      </step><!-- duration: 62534ms -->
