<step title="Incoming Request" date="2025-11-26T15:09:03.735" instance="c4a671" url="/api/deployments/latest" method="GET" type="request" pid="768,1,86" Accept="*/*" Host="quotrading-flask-api.scm.azurewebsites.net" User-Agent="AZURECLI/2.80.0 (MSI)" Accept-Encoding="gzip, deflate" Authorization="Bea..." x-ms-client-request-id="caed1069-cad9-11f0-8b8e-50bbb5629ee1" X-ARR-LOG-ID="caed1069-cad9-11f0-8b8e-50bbb5629ee1" CLIENT-IP="69.120.241.138:56969" X-SITE-DEPLOYMENT-ID="quotrading-flask-api" WAS-DEFAULT-HOSTNAME="quotrading-flask-api.scm.azurewebsites.net" X-Forwarded-Proto="https" X-AppService-Proto="https" X-Forwarded-TlsVersion="1.3" X-WAWS-Unencoded-URL="/api/deployments/latest" X-Client-IP="69.120.241.138" X-Client-Port="56969" >
  <step title="Cleanup Xml Logs" date="2025-11-26T15:09:03.743" >
    <step title="Cleanup Infos" date="2025-11-26T15:09:03.777" totalFiles="453" totalCleanup="293" /><!-- duration: 27ms -->
  </step><!-- duration: 67ms -->
  <step title="DeploymentService.GetResult" date="2025-11-26T15:09:03.837" >
    <step title="DeploymentService.GetLatestDeployment" date="2025-11-26T15:09:03.850" >
      <step title="DeploymentManager.GetResults" date="2025-11-26T15:09:03.859" /><!-- duration: 704ms -->
    </step><!-- duration: 723ms -->
  </step><!-- duration: 741ms -->
  <step title="Outgoing response" date="2025-11-26T15:09:04.584" type="response" statusCode="202" statusText="Accepted" /><!-- duration: 4ms -->
</step><!-- duration: 856ms -->
