<step title="Incoming Request" date="2025-11-22T11:24:56.128" instance="7d84ad" url="/api/publish?type=zip" method="POST" type="request" pid="772,1,15" Accept="*/*" Host="quotrading-flask-api.scm.azurewebsites.net" User-Agent="AZURECLI/2.79.0 (MSI)" Accept-Encoding="gzip, deflate" Authorization="Bea..." Cache-Control="no-cache" Content-Type="application/octet-stream" Cookie="ARRAffinity=7d84ad198c6f807fbfa2076d1e286d2bb239ec2b3ab1f48a5008aac89bd50ca3; ARRAffinitySameSite=7d84ad198c6f807fbfa2076d1e286d2bb239ec2b3ab1f48a5008aac89bd50ca3" Content-Length="16519" x-ms-client-request-id="d81a56c7-c795-11f0-992a-50bbb5629ee1" x-ms-artifact-checksum="3d3d3f4ac3159b32022c90c927fb5eeeefc34468fae17563ac72a35c73e1bb4c" X-ARR-LOG-ID="d81a56c7-c795-11f0-992a-50bbb5629ee1" CLIENT-IP="69.120.241.138:49384" X-SITE-DEPLOYMENT-ID="quotrading-flask-api" WAS-DEFAULT-HOSTNAME="quotrading-flask-api.scm.azurewebsites.net" X-Forwarded-Proto="https" X-AppService-Proto="https" X-Forwarded-TlsVersion="1.3" X-WAWS-Unencoded-URL="/api/publish?type=zip" X-Client-IP="69.120.241.138" X-Client-Port="49384" >
  <step title="OneDeploy" date="2025-11-22T11:24:56.176" >
    <step title="None repository commit" date="2025-11-22T11:24:56.185" >
      <step title="Commit id: 60807c6d-4633-41b4-9764-159c274f27aa" date="2025-11-22T11:24:56.188" Message="N/A" AuthorName="N/A" AuthorEmail="N/A" /><!-- duration: 2ms -->
    </step><!-- duration: 7ms -->
    <step title="Starting PushDeployAsync" date="2025-11-22T11:24:56.194" /><!-- duration: 2ms -->
    <step title="Writing artifact to /tmp/zipdeploy/4127cc40-56e7-4878-9735-75a2d628df13.zip" date="2025-11-22T11:24:56.219" >
      <step title="Writing multipart request body to /tmp/zipdeploy/4127cc40-56e7-4878-9735-75a2d628df13.zip" date="2025-11-22T11:24:56.227" /><!-- duration: 19ms -->
    </step><!-- duration: 109ms -->
    <step title="Attempting to fetch target branch HEAD" date="2025-11-22T11:24:56.336" /><!-- duration: 2ms -->
    <step title="Acquiring Deployment Lock" date="2025-11-22T11:24:56.340" /><!-- duration: 23ms -->
    <step title="Acquired Deployment Lock" date="2025-11-22T11:24:56.405" /><!-- duration: 2ms -->
    <step title="Performing fetch based deployment" date="2025-11-22T11:24:56.412" >
      <step title="Creating temporary deployment" date="2025-11-22T11:24:56.415" /><!-- duration: 41ms -->
      <step title="Releasing Deployment Lock" date="2025-11-22T11:24:57.602" /><!-- duration: 8ms -->
      <step title="Cleaning up temp folders from previous zip deployments and extracting pushed zip file /tmp/zipdeploy/4127cc40-56e7-4878-9735-75a2d628df13.zip (0.02 MB) to /tmp/zipdeploy/extracted" date="2025-11-22T11:24:57.639" >
        <step title="ChmodRecursive Process exited with total time taken in ms: 72" date="2025-11-22T11:24:57.733" /><!-- duration: 20ms -->
      </step><!-- duration: 123ms -->
      <step title="None repository commit" date="2025-11-22T11:24:57.764" >
        <step title="Commit id: 60807c6d-4633-41b4-9764-159c274f27aa" date="2025-11-22T11:24:57.766" Message="OneDeploy" AuthorName="N/A" AuthorEmail="N/A" /><!-- duration: 2ms -->
      </step><!-- duration: 5ms -->
      <step title="Deployment timer started" date="2025-11-22T11:24:59.780" >
        <step title="DeploymentManager.Deploy(id:60807c6d-4633-41b4-9764-159c274f27aa)" date="2025-11-22T11:24:59.784" >
          <step title="Collecting changeset information" date="2025-11-22T11:24:59.802" /><!-- duration: 68ms -->
          <step title="Updating submodules" date="2025-11-22T11:24:59.874" /><!-- duration: 1128ms -->
          <step title="Determining deployment builder" date="2025-11-22T11:25:01.222" >
            <step title="Builder is OryxBuilder" date="2025-11-22T11:25:01.290" /><!-- duration: 12ms -->
          </step><!-- duration: 89ms -->
          <step title="PreDeployment: context.CleanOutputPath False" date="2025-11-22T11:25:01.377" >
            <step title="PreDeployment: context.OutputPath /home/site/wwwroot" date="2025-11-22T11:25:01.536" >
              <step title="Building" date="2025-11-22T11:25:01.725" >
                <step title="Executing external process" date="2025-11-22T11:25:02.183" type="process" path="bash" arguments="-c &quot;oryx build /tmp/zipdeploy/extracted -o /home/site/wwwroot --platform python --platform-version 3.11 -p virtualenv_name=antenv --log-file /tmp/build-debug.log  -i /tmp/8de29b9c6bf4279 --compress-destination-dir | tee /tmp/oryx-build.log ; exit $PIPESTATUS &quot;" /><!-- duration: 64429ms -->
                <step title="Using PythonDeploymentLogParser" date="2025-11-22T11:26:07.034" /><!-- duration: 2ms -->
                <step title="Modified file to trigger a restart of the app container." date="2025-11-22T11:26:08.210" /><!-- duration: 2ms -->
                <step title="Skip function trigger and logicapp sync because function is not enabled." date="2025-11-22T11:26:08.218" /><!-- duration: 2ms -->
                <step title="Purge deployment items" date="2025-11-22T11:26:09.269" >
                  <step title="Remove 732dcc20-, Failed, received at 11/22/2025 11:22:22" date="2025-11-22T11:26:09.318" /><!-- duration: 2ms -->
                  <step title="Remove temp-6976, Failed, received at 11/22/2025 11:22:13" date="2025-11-22T11:26:09.361" /><!-- duration: 2ms -->
                  <step title="Remove b704f59e-, Success, received at 11/22/2025 08:00:52" date="2025-11-22T11:26:09.406" /><!-- duration: 2ms -->
                </step><!-- duration: 140ms -->
              </step><!-- duration: 67743ms -->
            </step><!-- duration: 67934ms -->
            <step title="Cleaning up temp files" date="2025-11-22T11:26:09.472" /><!-- duration: 329ms -->
            <step title="Cleaning up temp files" date="2025-11-22T11:26:09.803" /><!-- duration: 511ms -->
            <step title="Reloading status file with latest updates" date="2025-11-22T11:26:10.336" >
              <step title="WebHooksManager.PublishEventAsync: PostDeployment" date="2025-11-22T11:26:10.339" /><!-- duration: 82ms -->
            </step><!-- duration: 86ms -->
            <step title="Cleaning up temporary deployment - fetch deployment was successful" date="2025-11-22T11:26:10.428" /><!-- duration: 2ms -->
          </step><!-- duration: 69133ms -->
        </step><!-- duration: 70735ms -->
        <step title="Outgoing response" date="2025-11-22T11:26:10.535" type="response" statusCode="200" statusText="OK" /><!-- duration: 2ms -->
      </step><!-- duration: 70758ms -->
