<step title="Incoming Request" date="2025-11-24T18:05:20.280" instance="7d84ad" url="/api/zipdeploy?isAsync=true" method="POST" type="request" pid="768,1,35" Accept="*/*" Host="quotrading-flask-api.scm.azurewebsites.net" User-Agent="AZURECLI/2.80.0 (MSI)" Accept-Encoding="gzip, deflate" Authorization="Bea..." Cache-Control="no-cache" Content-Type="application/octet-stream" Content-Length="31557" x-ms-client-request-id="1d085860-c960-11f0-9f79-50bbb5629ee1" x-ms-artifact-checksum="171d7e7c2e3a71adbb99e28cc8450e50324158d6c9497c93f77d3d6693f83363" X-ARR-LOG-ID="1d085860-c960-11f0-9f79-50bbb5629ee1" CLIENT-IP="69.120.241.138:62996" X-SITE-DEPLOYMENT-ID="quotrading-flask-api" WAS-DEFAULT-HOSTNAME="quotrading-flask-api.scm.azurewebsites.net" X-Forwarded-Proto="https" X-AppService-Proto="https" X-Forwarded-TlsVersion="1.3" X-WAWS-Unencoded-URL="/api/zipdeploy?isAsync=true" X-Client-IP="69.120.241.138" X-Client-Port="62996" >
  <step title="Cleanup Xml Logs" date="2025-11-24T18:05:20.283" >
    <step title="Cleanup Infos" date="2025-11-24T18:05:20.313" totalFiles="344" totalCleanup="184" /><!-- duration: 17ms -->
  </step><!-- duration: 50ms -->
  <step title="ZipPushDeploy" date="2025-11-24T18:05:20.360" >
    <step title="ZipDeploy. Extract zip. Remote build." date="2025-11-24T18:05:20.379" /><!-- duration: 2ms -->
    <step title="Starting PushDeployAsync" date="2025-11-24T18:05:20.400" /><!-- duration: 9ms -->
    <step title="Writing artifact to /tmp/zipdeploy/0b4cc362-cf58-4e1d-b618-4ffd134ef6ad.zip" date="2025-11-24T18:05:20.450" >
      <step title="Writing multipart request body to /tmp/zipdeploy/0b4cc362-cf58-4e1d-b618-4ffd134ef6ad.zip" date="2025-11-24T18:05:20.460" /><!-- duration: 9ms -->
    </step><!-- duration: 129ms -->
    <step title="Removing previous build artifact&apos;s manifest file" date="2025-11-24T18:05:20.600" >
      <step title="Start deployment in the background" date="2025-11-24T18:05:20.629" >
        <step title="Acquiring Deployment Lock" date="2025-11-24T18:05:20.659" /><!-- duration: 9ms -->
        <step title="Acquired Deployment Lock" date="2025-11-24T18:05:20.719" /><!-- duration: 11ms -->
      </step><!-- duration: 251ms -->
    </step><!-- duration: 318ms -->
    <step title="Outgoing response" date="2025-11-24T18:05:20.938" type="response" statusCode="202" statusText="Accepted" /><!-- duration: 2ms -->
  </step><!-- duration: 588ms -->
