﻿<?xml version="1.0" encoding="utf-8"?>
<deployment>
  <id>967d3333-2e9d-4ab0-a78a-e0640c688f93</id>
  <author>N/A</author>
  <deployer>Push-Deployer</deployer>
  <authorEmail>N/A</authorEmail>
  <message>Created via a push deployment</message>
  <progress></progress>
  <status>Success</status>
  <statusText></statusText>
  <lastSuccessEndTime>2025-11-26T15:10:01.4203251Z</lastSuccessEndTime>
  <receivedTime>2025-11-26T15:09:01.5923361Z</receivedTime>
  <startTime>2025-11-26T15:09:03.0349939Z</startTime>
  <endTime>2025-11-26T15:10:01.4203251Z</endTime>
  <complete>True</complete>
  <is_temp>False</is_temp>
  <is_readonly>True</is_readonly>
  <buildSummary />
</deployment>