﻿<?xml version="1.0" encoding="utf-8"?>
<deployment>
  <id>48fb4e9c-8385-40d3-8abe-69eea65f58f4</id>
  <author>N/A</author>
  <deployer>Push-Deployer</deployer>
  <authorEmail>N/A</authorEmail>
  <message>Created via a push deployment</message>
  <progress></progress>
  <status>Success</status>
  <statusText></statusText>
  <lastSuccessEndTime>2025-11-29T06:28:38.6175195Z</lastSuccessEndTime>
  <receivedTime>2025-11-29T06:27:25.5399853Z</receivedTime>
  <startTime>2025-11-29T06:27:27.0515812Z</startTime>
  <endTime>2025-11-29T06:28:38.6175195Z</endTime>
  <complete>True</complete>
  <is_temp>False</is_temp>
  <is_readonly>True</is_readonly>
  <buildSummary />
</deployment>