﻿<?xml version="1.0" encoding="utf-8"?>
<deployment>
  <id>b518c5dd-39e9-4bdf-84e8-9db5bede710b</id>
  <author>N/A</author>
  <deployer>Push-Deployer</deployer>
  <authorEmail>N/A</authorEmail>
  <message>Created via a push deployment</message>
  <progress></progress>
  <status>Success</status>
  <statusText></statusText>
  <lastSuccessEndTime>2025-11-29T03:55:44.5924449Z</lastSuccessEndTime>
  <receivedTime>2025-11-29T03:54:33.5297418Z</receivedTime>
  <startTime>2025-11-29T03:54:34.88196Z</startTime>
  <endTime>2025-11-29T03:55:44.5924449Z</endTime>
  <complete>True</complete>
  <is_temp>False</is_temp>
  <is_readonly>True</is_readonly>
  <buildSummary />
</deployment>