﻿<?xml version="1.0" encoding="utf-8"?>
<deployment>
  <id>15afeae9-d475-47bf-aa66-3ada0ab0b708</id>
  <author>N/A</author>
  <deployer>Push-Deployer</deployer>
  <authorEmail>N/A</authorEmail>
  <message>Created via a push deployment</message>
  <progress></progress>
  <status>Success</status>
  <statusText></statusText>
  <lastSuccessEndTime>2025-11-24T21:01:35.2152551Z</lastSuccessEndTime>
  <receivedTime>2025-11-24T21:00:33.8888624Z</receivedTime>
  <startTime>2025-11-24T21:00:35.2188683Z</startTime>
  <endTime>2025-11-24T21:01:35.2152551Z</endTime>
  <complete>True</complete>
  <is_temp>False</is_temp>
  <is_readonly>True</is_readonly>
  <buildSummary />
</deployment>