﻿<?xml version="1.0" encoding="utf-8"?>
<deployment>
  <id>40ef0e0d-f2e7-4974-afc2-0c0da3d80787</id>
  <author>N/A</author>
  <deployer>Push-Deployer</deployer>
  <authorEmail>N/A</authorEmail>
  <message>Created via a push deployment</message>
  <progress></progress>
  <status>Success</status>
  <statusText></statusText>
  <lastSuccessEndTime>2025-11-29T08:16:52.0457782Z</lastSuccessEndTime>
  <receivedTime>2025-11-29T08:15:37.5435978Z</receivedTime>
  <startTime>2025-11-29T08:15:38.8862437Z</startTime>
  <endTime>2025-11-29T08:16:52.0457782Z</endTime>
  <complete>True</complete>
  <is_temp>False</is_temp>
  <is_readonly>True</is_readonly>
  <buildSummary />
</deployment>