﻿<?xml version="1.0" encoding="utf-8"?>
<deployment>
  <id>09f6e2e6-7133-4b36-8750-0570ea10abe5</id>
  <author>N/A</author>
  <deployer>Push-Deployer</deployer>
  <authorEmail>N/A</authorEmail>
  <message>Created via a push deployment</message>
  <progress></progress>
  <status>Success</status>
  <statusText></statusText>
  <lastSuccessEndTime>2025-11-29T06:23:17.7372141Z</lastSuccessEndTime>
  <receivedTime>2025-11-29T06:22:53.2536436Z</receivedTime>
  <startTime>2025-11-29T06:22:54.6599551Z</startTime>
  <endTime>2025-11-29T06:23:17.7372141Z</endTime>
  <complete>True</complete>
  <is_temp>False</is_temp>
  <is_readonly>True</is_readonly>
  <buildSummary />
</deployment>